giorno;rt;stat95_upper;stat95_lower;ci68_lower;ci68_upper;ci95_lower;ci95_upper
24/02/2020;;;;;;;
25/02/2020;;;;;;;
26/02/2020;;;;;;;
27/02/2020;;;;;;;
28/02/2020;;;;;;;
29/02/2020;;;;;;;
01/03/2020;;;;;;;
02/03/2020;;;;;;;
03/03/2020;;;;;;;
04/03/2020;;;;;;;
05/03/2020;;;;;;;
06/03/2020;;;;;;;
07/03/2020;;;;;;;
08/03/2020;;;;;;;
09/03/2020;;;;;;;
10/03/2020;;;;;;;
11/03/2020;;;;;;;
12/03/2020;;;;;;;
13/03/2020;;;;;;;
14/03/2020;;;;;;;
15/03/2020;;;;;;;
16/03/2020;;;;;;;
17/03/2020;;;;;;;
18/03/2020;2,113154621;2,211330694;2,014978548;1,63513922;2,734033206;1,299987004;3,497774975
19/03/2020;2,054308732;2,168736884;1,93988058;1,606833764;2,628912131;1,286487228;3,330643962
20/03/2020;1,971337561;2,076151481;1,86652364;1,567250258;2,481403084;1,269141177;3,097446827
21/03/2020;1,892152281;1,998485274;1,785819287;1,527944193;2,344444228;1,251819966;2,884820036
22/03/2020;1,817704646;1,926687133;1,708722159;1,489857205;2,218591045;1,235048721;2,692516401
23/03/2020;1,742063449;1,847363749;1,63676315;1,450431404;2,092937633;1,218041496;2,503053956
24/03/2020;1,67346515;1,781018832;1,565911468;1,413258291;1,981993935;1,201373357;2,338844645
25/03/2020;1,60363788;1,713480104;1,493795656;1,374245278;1,8715918;1,183413994;2,178107039
26/03/2020;1,528274468;1,636552704;1,419996231;1,331106422;1,754809697;1,163305559;2,01071211
27/03/2020;1,44893172;1,549131248;1,348732192;1,284825989;1,634084218;1,141767024;1,840283482
28/03/2020;1,371279577;1,457533786;1,285025369;1,238782237;1,517989297;1,120497276;1,678911397
29/03/2020;1,298675906;1,372526317;1,224825494;1,194263627;1,41223427;1,098997433;1,53493872
30/03/2020;1,233352127;1,300592109;1,166112144;1,152144981;1,320290159;1,07666872;1,412959077
31/03/2020;1,17547665;1,241489954;1,109463346;1,112370296;1,242166003;1,052846941;1,312438354
01/04/2020;1,122006352;1,185380439;1,058632265;1,073984228;1,172176812;1,028110439;1,224495607
02/04/2020;1,070016848;1,126037382;1,013996314;1,035721618;1,105447988;1,002562296;1,142015036
03/04/2020;1,022880381;1,073292954;0,972467807;0,997167664;1,049256229;0,972118079;1,07629521
04/04/2020;0,979801923;1,021462442;0,938141403;0,958470153;1,001608512;0,937613203;1,023889921
05/04/2020;0,942315721;0,975769946;0,908861497;0,91977877;0,965404968;0,897794116;0,989046512
06/04/2020;0,911333853;0,938598913;0,884068793;0,884791401;0,938672719;0,859045363;0,966807999
07/04/2020;0,887683614;0,909207951;0,866159276;0,857432731;0,919002103;0,828249455;0,951388199
08/04/2020;0,870418549;0,886474012;0,854363086;0,83733063;0,90481448;0,805550722;0,940518422
09/04/2020;0,858802226;0,869330539;0,848273912;0,823815011;0,895276009;0,790314365;0,933236361
10/04/2020;0,852016549;0,858092609;0,845940489;0,81588055;0,889753825;0,78134583;0,929092379
11/04/2020;0,847454377;0,852404421;0,842504334;0,810431162;0,886169821;0,775100175;0,926577492
12/04/2020;0,846818638;0,851618829;0,842018446;0,80967163;0,885670814;0,774229791;0,92622816
13/04/2020;0,847459335;0,852387236;0,842531434;0,810437812;0,886172918;0,775108348;0,92657856
14/04/2020;0,847497977;0,852431876;0,842564078;0,810484077;0,886203142;0,775161444;0,926599573
15/04/2020;0,848368032;0,853257826;0,843478239;0,81153157;0,886877412;0,776368023;0,927059708
16/04/2020;0,849985048;0,854236567;0,84573353;0,813495542;0,888112123;0,778643605;0,927876765
17/04/2020;0,853136471;0,857898923;0,848374019;0,817275952;0,890571241;0,782989682;0,92958026
18/04/2020;0,858950609;0,864689124;0,853212094;0,824256518;0,89510567;0,791023396;0,932721701
19/04/2020;0,861017337;0,866563091;0,855471583;0,826761396;0,896693245;0,793925422;0,933789119
20/04/2020;0,861278101;0,866853836;0,855702365;0,827075524;0,896895684;0,794287953;0,933928273
21/04/2020;0,855906783;0,863540038;0,848273528;0,82049841;0,892843906;0,786618788;0,931309779
22/04/2020;0,848186637;0,858742024;0,83763125;0,811037386;0,887038389;0,775590635;0,927592641
23/04/2020;0,840740717;0,853587403;0,827894032;0,80194857;0,881410431;0,76503399;0,923957711
24/04/2020;0,835577972;0,849288885;0,821867059;0,795712319;0,877442172;0,757845214;0,921304919
25/04/2020;0,830189154;0,843126333;0,817251975;0,789346997;0,87314597;0,750619499;0,918217446
26/04/2020;0,822040422;0,83519699;0,808883853;0,7796427;0,866745479;0,739552315;0,913757873
27/04/2020;0,812691615;0,82624633;0,799136899;0,768541114;0,859380531;0,726929031;0,908607865
28/04/2020;0,801153883;0,814892992;0,787414773;0,754924141;0,850217282;0,711528057;0,902114339
29/04/2020;0,787330131;0,800874539;0,773785724;0,738726309;0,839135266;0,693323799;0,894141713
30/04/2020;0,774535857;0,785074587;0,763997127;0,723970985;0,828636689;0,676942072;0,88627348
01/05/2020;0,763208757;0,773097561;0,753319953;0,71085788;0,819420237;0,662367607;0,87949232
02/05/2020;0,751734885;0,764296896;0,739172875;0,697490468;0,810204334;0,647471083;0,872898815
03/05/2020;0,740731411;0,75430785;0,727154973;0,684806475;0,801231115;0,633456307;0,866305587
04/05/2020;0,729563318;0,745491833;0,713634803;0,671920482;0,79216036;0,619231852;0,859711609
05/05/2020;0,715507838;0,73160441;0,699411266;0,655958865;0,780473944;0,601827026;0,850857183
06/05/2020;0,698351773;0,713502601;0,683200945;0,636682122;0,766008884;0,58099993;0,839653454
07/05/2020;0,68353381;0,695241316;0,671826303;0,620268695;0,753268602;0,563473259;0,829473073
08/05/2020;0,675697036;0,684014828;0,667379244;0,611663235;0,746452876;0,554351473;0,823930755
09/05/2020;0,671866961;0,679503141;0,66423078;0,607431237;0,743157301;0,549850132;0,82130226
10/05/2020;0,668798294;0,675436097;0,662160491;0,604055189;0,74050066;0,546271344;0,819162286
11/05/2020;0,664739693;0,670836777;0,65864261;0,599577926;0,737004238;0,541518935;0,81637156
12/05/2020;0,660388672;0,666307086;0,654470258;0,594779363;0,733257406;0,536429479;0,813385566
13/05/2020;0,658041897;0,663452184;0,652631609;0,592202854;0,731223453;0,533706326;0,811747523
14/05/2020;0,659824799;0,665099397;0,654550202;0,594169425;0,732757336;0,535791214;0,812967034
15/05/2020;0,667697463;0,674983876;0,660411049;0,602822048;0,739575071;0,544948828;0,818454874
16/05/2020;0,672133082;0,68010694;0,664159223;0,607717556;0,74339567;0,550149094;0,821505322
17/05/2020;0,67649945;0,683962835;0,669036065;0,612577193;0,747110234;0,555343463;0,824409545
18/05/2020;0,677869477;0,685215379;0,670523576;0,614102948;0,748275268;0,556975681;0,82532032
19/05/2020;0,681727816;0,689223138;0,674232493;0,618393366;0,751565936;0,561562587;0,827907728
20/05/2020;0,686876465;0,696287525;0,677465405;0,624080604;0,756007008;0,567619425;0,831472233
21/05/2020;0,693388743;0,704361261;0,682416226;0,631308601;0,761588406;0,57534798;0,83590759
22/05/2020;0,693901511;0,704671001;0,68313202;0,631890668;0,762012534;0,575980007;0,836223739
23/05/2020;0,695941237;0,706329451;0,685553024;0,634191048;0,763718264;0,578467697;0,837522128
24/05/2020;0,699437952;0,709018493;0,689857411;0,638144216;0,766632591;0,582751384;0,839728133
25/05/2020;0,70262837;0,712288982;0,692967758;0,641728329;0,769320898;0,586620776;0,841805913
26/05/2020;0,701530701;0,711109485;0,691951917;0,640496452;0,768394295;0,585291548;0,841087235
27/05/2020;0,701557368;0,711139992;0,691974744;0,640526309;0,768416888;0,585323711;0,84110487
28/05/2020;0,702124891;0,711875214;0,692374569;0,641158831;0,768901213;0,586003032;0,841487796
29/05/2020;0,703889843;0,713266491;0,694513195;0,643157715;0,770369628;0,588173245;0,842597071
30/05/2020;0,703685075;0,713096389;0,694273761;0,642926032;0,770198964;0,587921836;0,842467701
31/05/2020;0,697289371;0,708020684;0,686558058;0,635690676;0,764871083;0,580074998;0,838435813
01/06/2020;0,694108789;0,704201738;0,68401584;0,632147491;0,762158015;0,57627412;0,836295168
02/06/2020;0,689370647;0,699478403;0,679262892;0,626843977;0,758149843;0,570569832;0,833181565
03/06/2020;0,687306704;0,697935887;0,676677521;0,624519236;0,756422687;0,568060281;0,831867183
04/06/2020;0,695148158;0,70584884;0,684447477;0,633290308;0,763062574;0,577489024;0,837033554
05/06/2020;0,697815618;0,709932693;0,685698543;0,63622563;0,765381875;0,580611911;0,838924401
06/06/2020;0,696994651;0,708992418;0,684996884;0,635309496;0,764683288;0,579627822;0,838375407
07/06/2020;0,696747035;0,708710324;0,684783745;0,635033169;0,764472612;0,579331015;0,838209901
08/06/2020;0,693744312;0,706326291;0,681162334;0,63164095;0,761968547;0,575658461;0,836313655
09/06/2020;0,695373424;0,708097791;0,682649056;0,633460062;0,763352618;0,577612533;0,837397646
10/06/2020;0,705630814;0,720697766;0,690563863;0,644869345;0,77213017;0,589845762;0,844367412
11/06/2020;0,730365137;0,753016361;0,707713912;0,672340041;0,793407343;0,619332057;0,86146666
12/06/2020;0,752418818;0,779551504;0,725286132;0,697102704;0,812131278;0,646182935;0,876240084
13/06/2020;0,778946954;0,810678436;0,747215471;0,727122132;0,834470235;0,67899577;0,893691976
14/06/2020;0,810422789;0,85142113;0,769424448;0,762177729;0,861724776;0,716989596;0,916083691
15/06/2020;0,824517234;0,86291809;0,786116378;0,779155421;0,872522218;0,736436778;0,923170372
16/06/2020;0,837190393;0,874480663;0,799900123;0,794263918;0,882438552;0,753659128;0,930008394
17/06/2020;0,849656339;0,887446564;0,811866114;0,808856981;0,892514957;0,770116885;0,937432837
18/06/2020;0,867899485;0,903509972;0,832288997;0,830930012;0,906514606;0,795606189;0,946775375
19/06/2020;0,88274033;0,912500703;0,852979957;0,849903742;0,916846055;0,818336291;0,952220917
20/06/2020;0,910638451;0,944230241;0,87704666;0,882285944;0,939902308;0,854844788;0,970077517
21/06/2020;0,930361499;0,964488412;0,896234586;0,905502851;0,955902717;0,881326773;0,982126504
22/06/2020;0,941861646;0,979645129;0,904078162;0,917662196;0,966699364;0,894101015;0,992175352
23/06/2020;0,942971264;0,980921455;0,905021073;0,918883965;0,967690088;0,89542819;0,993040436
24/06/2020;0,937253115;0,975133588;0,899372642;0,912274962;0,9629153;0,887980841;0,989261517
25/06/2020;0,932326048;0,971408007;0,893244089;0,906103762;0,959307355;0,880640498;0,987047684
26/06/2020;0,924041751;0,964447174;0,883636328;0,895968711;0,952994609;0,868775488;0,982827284
27/06/2020;0,913635091;0,956495387;0,870774794;0,882966254;0,945369497;0,853362985;0,978169472
28/06/2020;0,910659462;0,954782493;0,86653643;0,879067086;0,943387587;0,848610461;0,977251463
29/06/2020;0,902448777;0,944492136;0,860405417;0,870100722;0,935999863;0,838955699;0,97075398
30/06/2020;0,895998843;0,936196325;0,855801361;0,863048478;0,93020768;0,831356585;0,96567499
01/07/2020;0,893208435;0,932662946;0,853753925;0,859962223;0,92774043;0,828001792;0,963558208
02/07/2020;0,890692457;0,929319364;0,852065551;0,857213657;0,925479284;0,825042883;0,961574136
03/07/2020;0,883556585;0,918045818;0,849067352;0,849802301;0,918652124;0,817389271;0,955088918
04/07/2020;0,876954613;0,912801173;0,841108053;0,841627024;0,913765744;0,807782976;0,952060417
05/07/2020;0,869348654;0,906457177;0,832240131;0,832304437;0,908042453;0,796909802;0,948385833
06/07/2020;0,877430358;0,912698338;0,842162377;0,842329515;0,913994529;0,808692;0,952022028
07/07/2020;0,88658752;0,92067408;0,85250096;0,853508742;0,920948788;0,821712454;0,956592546
08/07/2020;0,898497313;0,933010978;0,863983648;0,867583126;0,9305134;0,837770841;0,963631387
09/07/2020;0,908921558;0,945482564;0,872360552;0,879391191;0,939443848;0,850852747;0,970958062
10/07/2020;0,917785121;0,955724624;0,879845619;0,889441389;0,94703231;0,862001112;0,977182955
11/07/2020;0,919880782;0,958346628;0,881414937;0,891738528;0,948911396;0,864484632;0,978830368
12/07/2020;0,918014899;0,955653784;0,880376014;0,88980796;0,947116225;0,862495405;0,977111936
13/07/2020;0,933884796;0,973708113;0,894061478;0,907651087;0,960876892;0,882175766;0,988627376
14/07/2020;0,952603105;0,993470049;0,91173616;0,928769135;0,977048799;0,905546891;1,002106219
15/07/2020;0,974403091;1,014590898;0,934215284;0,953336675;0,99593508;0,932735833;1,017932642
16/07/2020;0,997150289;1,031769083;0,962531495;0,979972952;1,01462874;0,963096729;1,032408305
17/07/2020;1,02419407;1,034180258;1,014207882;1,015683001;1,03277646;1,007243252;1,041430171
18/07/2020;1,031403473;1,040648849;1,022158098;1,021289505;1,041617604;1,011275699;1,051931897
19/07/2020;1,036396003;1,048888609;1,023903397;1,024225126;1,048711512;1,01219888;1,061171653
20/07/2020;1,038211467;1,051184103;1,025238832;1,025460431;1,051121062;1,012867953;1,064189215
21/07/2020;1,04379761;1,059177483;1,028417737;1,029022306;1,058785078;1,014459165;1,073984709
22/07/2020;1,052014002;1,06805361;1,035974394;1,034949627;1,069359756;1,018166631;1,086986888
23/07/2020;1,060523641;1,074079294;1,046967988;1,041628405;1,079761666;1,023075959;1,099342481
24/07/2020;1,069651386;1,082573434;1,056729339;1,04823904;1,091501168;1,027264128;1,113788384
25/07/2020;1,081033265;1,09678144;1,06528509;1,055873084;1,106793067;1,031312526;1,133152491
26/07/2020;1,09858093;1,118949057;1,078212802;1,067523106;1,130542521;1,037369049;1,16340788
27/07/2020;1,118956649;1,144074972;1,093838326;1,081032487;1,158211654;1,044439169;1,198797502
28/07/2020;1,13551102;1,160700692;1,110321348;1,092479189;1,180238497;1,051143003;1,226661619
29/07/2020;1,14743024;1,169580022;1,125280458;1,101003236;1,195815845;1,056534833;1,24616005
30/07/2020;1,148214793;1,170044099;1,126385487;1,10157147;1,196833999;1,056904029;1,247429086
31/07/2020;1,143863425;1,166552363;1,121174486;1,098514917;1,191084792;1,055039269;1,240179018
01/08/2020;1,143903785;1,166585488;1,121222083;1,098543265;1,191138109;1,055056548;1,240246237
02/08/2020;1,147972884;1,169527481;1,126418286;1,101437321;1,196475445;1,056868757;1,246945005
03/08/2020;1,15716659;1,181649036;1,132684144;1,107340911;1,209235351;1,059758313;1,263547194
04/08/2020;1,165875549;1,19100252;1,140748577;1,113149626;1,221100312;1,062922545;1,278823916
05/08/2020;1,175519858;1,203061708;1,147978008;1,119365049;1,234493541;1,066029114;1,296286098
06/08/2020;1,177402622;1,20552415;1,149281094;1,120562729;1,237127543;1,066607864;1,299737491
07/08/2020;1,182817009;1,212913902;1,152720115;1,12396399;1,244753806;1,068194748;1,309774381
08/08/2020;1,192528751;1,225035526;1,160021977;1,130174689;1,258325637;1,071263451;1,327565347
09/08/2020;1,205815716;1,238233772;1,173397659;1,13902281;1,276528765;1,07615005;1,35116196
10/08/2020;1,224586147;1,252126602;1,197045691;1,151846278;1,301924176;1,08370457;1,383860366
11/08/2020;1,246919763;1,268836704;1,225002822;1,166737133;1,332619371;1,092071482;1,423835957
12/08/2020;1,265319859;1,280079177;1,250560541;1,17886836;1,358119766;1,098765269;1,457268081
13/08/2020;1,271924261;1,284430728;1,259417795;1,183143015;1,367376921;1,101033182;1,469500996
14/08/2020;1,273345876;1,285568977;1,261122775;1,18405314;1,369382027;1,101503818;1,472161592
15/08/2020;1,272998325;1,285216864;1,260779787;1,183832985;1,368889079;1,101393058;1,471505245
16/08/2020;1,275029253;1,288660393;1,261398113;1,185074482;1,371822033;1,10195772;1,475452823
17/08/2020;1,288278969;1,303295066;1,273262872;1,19339717;1,390716364;1,106070968;1,500709356
18/08/2020;1,307641104;1,334315477;1,280966731;1,205019458;1,419018098;1,111153162;1,539150442
19/08/2020;1,33716638;1,375076162;1,299256599;1,222706199;1,462365005;1,118984462;1,598302073
20/08/2020;1,36586175;1,413101677;1,318621824;1,239724097;1,504866864;1,126453904;1,656739437
21/08/2020;1,391904452;1,440546683;1,343262222;1,255535579;1,543128852;1,134022232;1,709208777
22/08/2020;1,421991306;1,471707815;1,372274796;1,273620152;1,587706092;1,142592631;1,77076451
23/08/2020;1,450151955;1,500710878;1,399593032;1,29034494;1,629827277;1,150406232;1,829370906
24/08/2020;1,475772239;1,525335365;1,426209113;1,305493939;1,668355567;1,157520666;1,883243921
25/08/2020;1,501488312;1,542634944;1,46034168;1,320896982;1,706886323;1,165112334;1,937091017
26/08/2020;1,522309891;1,55085529;1,493764491;1,333346428;1,73818932;1,171298931;1,980984715
27/08/2020;1,52925152;1,551424387;1,507078653;1,337478967;1,748663912;1,173346251;1,995716143
28/08/2020;1,521525723;1,550402975;1,492648471;1,332887872;1,736995711;1,171082158;1,979297836
29/08/2020;1,502010593;1,53914032;1,464880867;1,321376085;1,70745462;1,165551094;1,937708164
30/08/2020;1,475283506;1,519541445;1,431025567;1,305509279;1,66723007;1,157907388;1,881348971
31/08/2020;1,44272155;1,48597095;1,399472151;1,286393359;1,618118096;1,149133521;1,812582996
01/09/2020;1,412455505;1,455544389;1,369366621;1,268339008;1,573000607;1,140651115;1,749974312
02/09/2020;1,378377171;1,426271228;1,330483114;1,247346712;1,523210216;1,130118837;1,681845846
03/09/2020;1,341531949;1,393887186;1,289176712;1,224202586;1,470132271;1,118144183;1,610003553
04/09/2020;1,300541763;1,347847047;1,253236479;1,19889373;1,410823554;1,105879454;1,529739102
05/09/2020;1,260737317;1,304563074;1,216911559;1,173726926;1,354206823;1,093175652;1,454135444
06/09/2020;1,224402877;1,26454411;1,184261644;1,150404948;1,303165537;1,081171748;1,386692926
07/09/2020;1,191861762;1,228518947;1,155204576;1,129199638;1,258003844;1,070017475;1,327625887
08/09/2020;1,161561619;1,194748293;1,128374945;1,109182657;1,216415454;1,059278569;1,273744163
09/09/2020;1,135978956;1,166915818;1,105042093;1,091930019;1,18180557;1,049658759;1,229409861
10/09/2020;1,111851797;1,140101861;1,083601733;1,075515911;1,149415628;1,040407969;1,188207403
11/09/2020;1,091014098;1,113826102;1,068202094;1,061751886;1,121082939;1,033296303;1,151958408
12/09/2020;1,074076007;1,091390369;1,056761645;1,050672063;1,098001344;1,027789512;1,122448073
13/09/2020;1,060534661;1,070644743;1,050424579;1,04216891;1,07922409;1,024126836;1,098237198
14/09/2020;1,053638676;1,060156273;1,047121079;1,037711028;1,069810809;1,022027865;1,086227427
15/09/2020;1,049749197;1,056371806;1,043126589;1,034947779;1,064762311;1,020358056;1,079987119
16/09/2020;1,046552748;1,051772377;1,041333118;1,032825982;1,060461956;1,01928166;1,074553609
17/09/2020;1,044205249;1,047598905;1,040811593;1,031311488;1,057260217;1,018578935;1,070476394
18/09/2020;1,044558098;1,04789772;1,041218475;1,031563935;1,057715949;1,01873346;1,071037488
19/09/2020;1,044964813;1,048360999;1,041568627;1,031847298;1,058249094;1,018896548;1,07170014
20/09/2020;1,046463192;1,049860885;1,043065498;1,032903754;1,060200638;1,019522326;1,074116094
21/09/2020;1,049648684;1,053205706;1,046091662;1,035137351;1,064363458;1,020829459;1,079281672
22/09/2020;1,053802122;1,058629141;1,048975102;1,037973813;1,069871814;1,022386887;1,086182891
23/09/2020;1,058327183;1,064322446;1,052331919;1,041062962;1,07587772;1,024085058;1,093714574
24/09/2020;1,063518273;1,071918202;1,055118344;1,044483574;1,08289989;1,025795793;1,102628424
25/09/2020;1,070862127;1,080956619;1,060767634;1,049462292;1,092698376;1,028498872;1,11497104
26/09/2020;1,07848229;1,089595687;1,067368893;1,054692756;1,102808487;1,031439884;1,127671346
27/09/2020;1,091340144;1,105787183;1,076893105;1,063287514;1,120133014;1,035975122;1,149666123
28/09/2020;1,105140164;1,120837815;1,089442514;1,072732666;1,138526924;1,041304429;1,172892945
29/09/2020;1,121431809;1,14175168;1,101111939;1,083429367;1,160767638;1,046760312;1,201436853
30/09/2020;1,140654665;1,163664242;1,117645089;1,096287572;1,186818044;1,053716765;1,234777708
01/10/2020;1,160200285;1,183416394;1,136984175;1,10953155;1,213184105;1,061177901;1,268483011
02/10/2020;1,179747069;1,20406518;1,155428958;1,122537256;1,23987446;1,068245022;1,30291943
03/10/2020;1,204687068;1,233062293;1,176311844;1,138700317;1,274500913;1,07654066;1,348141852
04/10/2020;1,236133567;1,272843888;1,199423246;1,158500981;1,318974262;1,086076504;1,407023066
05/10/2020;1,276350348;1,325146957;1,22755374;1,18324768;1,376790082;1,097482077;1,48456688
06/10/2020;1,323949779;1,384903157;1,262996402;1,212227351;1,445990832;1,110823548;1,578350511
07/10/2020;1,373044608;1,44241528;1,303673936;1,242010224;1,517942046;1,124838895;1,67670254
08/10/2020;1,419049301;1,489331335;1,348767266;1,270103898;1,585522036;1,13868583;1,769522106
09/10/2020;1,46328271;1,531820796;1,394744623;1,296765772;1,651270869;1,151720054;1,860730248
10/10/2020;1,506408956;1,573884948;1,438932965;1,322153164;1,71646861;1,163701233;1,952332124
11/10/2020;1,552400577;1,615133879;1,489667276;1,348905842;1,78677103;1,176286823;2,052017199
12/10/2020;1,596519408;1,655971601;1,537067214;1,373940543;1,855395861;1,187659268;2,150569904
13/10/2020;1,640964387;1,69222948;1,589699295;1,398875652;1,925267358;1,199001152;2,251784564
14/10/2020;1,681053877;1,72281846;1,639289294;1,420964999;1,989154139;1,208887507;2,345265786
15/10/2020;1,704956055;1,736983931;1,672928179;1,434017462;2,027550081;1,214734301;2,401799539
16/10/2020;1,715370846;1,743081554;1,687660138;1,439642378;2,044401772;1,217216366;2,426735156
17/10/2020;1,722730573;1,749285489;1,696175658;1,443562048;2,056401568;1,218895991;2,44457503
18/10/2020;1,727465943;1,753514695;1,701417191;1,446073539;2,064143077;1,219965865;2,456104942
19/10/2020;1,735037785;1,759803864;1,710271706;1,450087396;2,076533784;1,221682616;2,474575392
20/10/2020;1,743402224;1,764345112;1,722459335;1,45454083;2,090206472;1,223622292;2,494953575
21/10/2020;1,749939443;1,767215269;1,732663617;1,458011896;2,100915461;1,225132821;2,510939949
22/10/2020;1,742226431;1,763239227;1,721213634;1,453922709;2,088272269;1,223361103;2,492060223
23/10/2020;1,728684237;1,751554355;1,705814119;1,446768202;2,066065798;1,220317691;2,458912882
24/10/2020;1,713769418;1,736553271;1,690985564;1,438877668;2,041666271;1,216991022;2,422568227
25/10/2020;1,697686618;1,719727175;1,67564606;1,430330711;2,01546071;1,21339299;2,383652988
26/10/2020;1,685050829;1,7067566;1,663345058;1,423575998;1,994963998;1,210539505;2,353315505
27/10/2020;1,673820544;1,696781871;1,650859217;1,417520278;1,976847243;1,207946445;2,326600375
28/10/2020;1,661949249;1,690063604;1,633834894;1,41101212;1,957872082;1,205060692;2,298780616
29/10/2020;1,637297033;1,674342425;1,60025164;1,39737305;1,918723265;1,198951319;2,241651749
30/10/2020;1,605676446;1,646545769;1,564807122;1,379845976;1,868718001;1,191226592;2,168970643
31/10/2020;1,57243934;1,617670117;1,527208562;1,361137272;1,816743849;1,182837647;2,094050801
01/11/2020;1,538808485;1,584817898;1,492799073;1,342080164;1,764530748;1,174345785;2,019246953
02/11/2020;1,507734482;1,553685932;1,461783033;1,324269636;1,716739768;1,166345229;1,951285494
03/11/2020;1,479017559;1,523130701;1,434904416;1,307698661;1,672877729;1,158921035;1,889279172
04/11/2020;1,449456549;1,495022326;1,403890772;1,290246096;1,628388201;1,150756842;1,827041051
05/11/2020;1,41261836;1,45793635;1,36730037;1,268292746;1,57342105;1,140444208;1,750700817
06/11/2020;1,376505698;1,419071156;1,33394024;1,246598165;1,519987802;1,130265202;1,677044475
07/11/2020;1,340334302;1,380415905;1,3002527;1,224512702;1,467135602;1,119670802;1,6049166
08/11/2020;1,306530006;1,3423172;1,270742812;1,203711752;1,418146834;1,109692073;1,538562236
09/11/2020;1,277571268;1,310768531;1,244374005;1,185567737;1,376725325;1,10071473;1,483029908
10/11/2020;1,251481564;1,284944156;1,218018971;1,168795453;1,340024618;1,091966286;1,434424615
11/11/2020;1,226140685;1,260807902;1,191473468;1,152176843;1,304857528;1,082966002;1,388327372
12/11/2020;1,198734827;1,231550545;1,165919108;1,134275754;1,266859968;1,073482749;1,338651177
13/11/2020;1,172681876;1,202913564;1,142450187;1,117132067;1,230995629;1,064346202;1,292073327
14/11/2020;1,147242919;1,172741785;1,121744053;1,100473901;1,196000471;1,055693416;1,246746557
15/11/2020;1,124254138;1,145259173;1,103249103;1,085287479;1,164620325;1,047720348;1,20638604
16/11/2020;1,103776279;1,121959358;1,0855932;1,071474606;1,137051969;1,040146952;1,171301677
17/11/2020;1,085791311;1,105552288;1,066030334;1,058588884;1,11369287;1,03208559;1,142293563
18/11/2020;1,06700652;1,088190074;1,045822966;1,044768665;1,089717761;1,023004195;1,112902387
19/11/2020;1,047517997;1,06786953;1,027166465;1,030464435;1,064853805;1,013693119;1,082471858
20/11/2020;1,026554425;1,048440356;1,004668493;1,013302602;1,03997956;1,000224092;1,053578009
21/11/2020;1,004944921;1,026663754;0,983226089;0,994055627;1,015953505;0,983285623;1,027081378
22/11/2020;0,984336656;1,006026399;0,962646913;0,972719012;0,99609306;0,961240128;1,007988223
23/11/2020;0,963622826;0,986178843;0,941066809;0,948698694;0,978781747;0,93400935;0,994175456
24/11/2020;0,942729981;0,965166263;0,920293699;0,923864684;0,961980547;0,905384655;0,981616383
25/11/2020;0,920857749;0,942455577;0,899259921;0,897626113;0,944690748;0,874995841;0,969125109
26/11/2020;0,900518064;0,920316664;0,880719463;0,873279293;0,928606655;0,846890344;0,957545068
27/11/2020;0,881190802;0,898912067;0,863469537;0,850153524;0,913361562;0,820249728;0,946665805
28/11/2020;0,863325704;0,879378405;0,847273004;0,828772793;0,899319811;0,795661076;0,936755112
29/11/2020;0,847266945;0,861906713;0,832627177;0,809613042;0,886673023;0,773711315;0,927831276
30/11/2020;0,832771809;0,846313198;0,819230421;0,792378728;0,875225348;0,754046104;0,919739343
01/12/2020;0,818344365;0,830392825;0,806295906;0,775334005;0,863742491;0,734711412;0,911528384
02/12/2020;0,807105003;0,816765993;0,797444012;0,76217497;0,854685955;0,719895857;0,904917827
03/12/2020;0,800288193;0,808552797;0,792023588;0,754203314;0,849191678;0,710937041;0,900913769
04/12/2020;0,794755619;0,800541842;0,788969397;0,747783757;0,844680924;0,703765337;0,897559672
05/12/2020;0,789605454;0,794061753;0,785149156;0,741774368;0,840523997;0,697030738;0,894529996
06/12/2020;0,785036075;0,789366766;0,780705384;0,736427666;0,836856417;0,691031191;0,891888692
07/12/2020;0,781126177;0,785001805;0,777250549;0,731867728;0,833703735;0,685928388;0,889600403
08/12/2020;0,780513288;0,784195816;0,776830759;0,731155654;0,833206679;0,685133777;0,889235827
09/12/2020;0,784222951;0,790298207;0,778147696;0,735434765;0,836251278;0,689886719;0,891519745
10/12/2020;0,791554422;0,800505749;0,782603095;0,74391539;0,842247308;0,699330212;0,895994047
11/12/2020;0,801000686;0,812335896;0,789665477;0,754892858;0,84992735;0,711603864;0,901672849
12/12/2020;0,812482007;0,826180297;0,798783717;0,768283203;0,859225645;0,726629233;0,908514117
13/12/2020;0,824127627;0,838952316;0,809302938;0,781993072;0,868534083;0,742130419;0,915212441
14/12/2020;0,832300829;0,84648076;0,818120897;0,791766748;0,874911392;0,75330915;0,919598437
15/12/2020;0,839108705;0,852888468;0,825328942;0,799923189;0,880214939;0,762658392;0,923241891
16/12/2020;0,847047186;0,860005706;0,834088666;0,809493459;0,88634403;0,77368285;0,927383991
17/12/2020;0,856480023;0,868053897;0,84490615;0,820939237;0,893560192;0,786937835;0,932179744
18/12/2020;0,868394452;0,877247686;0,859541217;0,835522823;0,902559836;0,803944949;0,938018976
19/12/2020;0,880939349;0,890321899;0,871556798;0,850722265;0,912230062;0,82157881;0,944594404
20/12/2020;0,893047534;0,905700178;0,88039489;0,865187102;0,92180535;0,838224053;0,951460551
21/12/2020;0,904277796;0,920483846;0,888071745;0,87843859;0,930877224;0,853359608;0,958236875
22/12/2020;0,907703946;0,923899781;0,89150811;0,882623268;0,933497461;0,858255429;0,960003815
23/12/2020;0,906771474;0,923241694;0,890301254;0,881442043;0,93282893;0,856840638;0,959614413
24/12/2020;0,90581167;0,922543109;0,889080232;0,880229854;0,93213712;0,855391669;0,959206202
25/12/2020;0,904407694;0,921487924;0,887327465;0,878462634;0,931119199;0,853284019;0,958597148
26/12/2020;0,905728034;0,922541303;0,888914764;0,880114976;0,932086639;0,855247467;0,959190791
27/12/2020;0,914089051;0,931596349;0,896581754;0,890203865;0,93861522;0,866959661;0,963782371
28/12/2020;0,926056563;0,948425433;0,903687694;0,903748084;0,948915798;0,88199036;0,972325788
29/12/2020;0,932929592;0,956885012;0,908974173;0,911642023;0,954714312;0,890851603;0,976996181
30/12/2020;0,938770649;0,963982551;0,913558747;0,918299418;0,959698292;0,898284599;0,981082348
31/12/2020;0,944818073;0,971274104;0,918362042;0,925125464;0,964929914;0,905852088;0,985460988
01/01/2021;0,953907712;0,982209537;0,925605888;0,935205236;0,972984243;0,916876814;0,992434828
02/01/2021;0,972129611;1,003656823;0,940602399;0,954754154;0,989821308;0,937694938;1,007829244
03/01/2021;0,993299325;1,023959198;0,962639452;0,977975033;1,008863753;0,962890879;1,02466832
04/01/2021;1,015131996;1,037549897;0,992714095;1,003194372;1,027211678;0,991398807;1,039433418
05/01/2021;1,037878613;1,055823769;1,019933457;1,023802622;1,052148141;1,009920166;1,066611205
06/01/2021;1,058723013;1,079685282;1,037760743;1,038715233;1,07911622;1,019092879;1,099894853
07/01/2021;1,075770151;1,098439152;1,053101151;1,05082344;1,101309185;1,026469051;1,12744054
08/01/2021;1,086779053;1,11074936;1,062808746;1,058497038;1,115816871;1,030970826;1,145610492
09/01/2021;1,090365631;1,114501442;1,066229819;1,061034566;1,120507673;1,032514479;1,151460694
10/01/2021;1,089026084;1,113641202;1,064410965;1,059978852;1,118869463;1,031727768;1,149508991
11/01/2021;1,085970565;1,112781333;1,059159796;1,057305352;1,115413079;1,029417441;1,145632896
12/01/2021;1,079692085;1,108591875;1,050792296;1,052217543;1,10788414;1,025460513;1,136793708
13/01/2021;1,067552326;1,099003849;1,036100802;1,042419961;1,093290711;1,017893616;1,119635116
14/01/2021;1,050367739;1,0831231;1,017612379;1,028576532;1,072620662;1,007247041;1,0953353
15/01/2021;1,02827979;1,061652927;0,994906653;1,009884416;1,04701027;0,991824147;1,066075855
16/01/2021;1,005193117;1,040721724;0,96966451;0,987526329;1,023175988;0,970175625;1,041474942
17/01/2021;0,978600996;1,012970555;0,944231438;0,960592455;0,99694718;0,942921555;1,015631005
18/01/2021;0,947709582;0,973398387;0,922020778;0,928810818;0,966992925;0,910296631;0,986660846
19/01/2021;0,92139625;0,940747662;0,902044839;0,898763297;0,944599244;0,876700385;0,968372278
20/01/2021;0,900880916;0,918886942;0,88287489;0,87401941;0,92856816;0,847983642;0,957081141
21/01/2021;0,885440161;0,90226901;0,868611313;0,855424284;0,916509586;0,826461955;0,948632559
22/01/2021;0,875373422;0,891776086;0,858970757;0,843280348;0,908688317;0,812409097;0,943225035
23/01/2021;0,87142686;0,887222213;0,855631506;0,838578716;0,905562199;0,807017768;0,940984733
24/01/2021;0,866153033;0,880153044;0,852153023;0,83239587;0,901279755;0,800008265;0,937776036
25/01/2021;0,859526299;0,868936091;0,850116507;0,824763654;0,895754792;0,791466858;0,933449133
26/01/2021;0,859719103;0,869208607;0,850229599;0,824991275;0,895909439;0,791725956;0,933562284
27/01/2021;0,86453171;0,875545198;0,853518222;0,830697034;0,899745059;0,798241033;0,936337083
28/01/2021;0,874142105;0,886581573;0,861702637;0,842210766;0,907284516;0,811490497;0,941637998
29/01/2021;0,885817971;0,899118748;0,872517195;0,856307171;0,9163461;0,8278137;0,947891557
30/01/2021;0,897656233;0,912136517;0,88317595;0,870596389;0,925557354;0,844377821;0,954299751
31/01/2021;0,911057213;0,925699978;0,896414448;0,886957733;0,935811619;0,86351318;0,961220951
01/02/2021;0,926985226;0,940288879;0,913681573;0,906714078;0,947709628;0,886896182;0,968887283
02/02/2021;0,941300153;0,953333848;0,929266459;0,92457025;0,958332806;0,908143095;0,975668208
03/02/2021;0,952248053;0,964376072;0,940120035;0,938059731;0,966650989;0,924086022;0,981268538
04/02/2021;0,961311625;0,973089558;0,949533693;0,949291976;0,97348347;0,937424521;0,985807511
05/02/2021;0,968914412;0,980592219;0,957236605;0,958623766;0,979315529;0,948443591;0,989827118
06/02/2021;0,975532994;0,984705513;0,966360475;0,967400248;0,983734111;0,959335875;0,9920036
07/02/2021;0,982067117;0,988734171;0,975400063;0,976093997;0,98807679;0,970157429;0,994123014
08/02/2021;0,987724887;0,991661387;0,983788388;0,983784416;0,991681142;0,979859728;0,99565318
09/02/2021;0,991226493;0,994988796;0,98746419;0,988139991;0,994322636;0,985063129;0,99742842
10/02/2021;0,993558732;0,997223732;0,989893733;0,990990428;0,996133693;0,988428779;0,99871531
11/02/2021;0,994583254;0,99812851;0,991037997;0,992251915;0,996920071;0,989926053;0,999262365
12/02/2021;0,995775926;0,999529938;0,992021915;0,99355852;0,997998281;0,991346062;1,000225585
13/02/2021;0,995385131;0,999155903;0,99161436;0,993100767;0,99767475;0,990821657;0,999969623
14/02/2021;0,994894296;0,998607982;0,99118061;0,992552413;0,997241704;0,990216056;0,999594638
15/02/2021;0,9967939;1,000910906;0,992676894;0,994549667;0,999043196;0,992310499;1,001297557
16/02/2021;1,000591662;1,005667778;0,995515546;0,998051373;1,003138417;0,99551755;1,005691637
17/02/2021;1,006293751;1,012631691;0,999955812;1,002665544;1,009935087;0,999050467;1,013589551
18/02/2021;1,012619941;1,020190861;1,005049021;1,007418491;1,017848247;1,002243897;1,02310341
19/02/2021;1,021118228;1,030070186;1,012166269;1,013627591;1,02866422;1,006192311;1,036265568
20/02/2021;1,029129199;1,041076925;1,017181473;1,018887503;1,039473846;1,008748757;1,049921443
21/02/2021;1,040975081;1,056513356;1,025436807;1,0268648;1,055279263;1,01294842;1,069777344
22/02/2021;1,057253767;1,077412395;1,03709514;1,037827888;1,077043289;1,01876565;1,097196452
23/02/2021;1,076252545;1,099117841;1,053387249;1,051130597;1,101974991;1,026609148;1,128297936
24/02/2021;1,09680727;1,121386121;1,072228418;1,065542844;1,128989232;1,035195955;1,162088732
25/02/2021;1,116603881;1,141499725;1,091708037;1,079427114;1,155061441;1,04353114;1,194799793
26/02/2021;1,137163569;1,160297057;1,11403008;1,093884554;1,182155567;1,052318523;1,22886055
27/02/2021;1,156783655;1,17915091;1,1344164;1,107315285;1,208463087;1,060057975;1,26235358
28/02/2021;1,175643681;1,197426291;1,153861071;1,12003772;1,234011986;1,067194105;1,295142637
01/03/2021;1,19333507;1,2132579;1,173412241;1,13193845;1,258064311;1,073874451;1,326126173
02/03/2021;1,209102159;1,226039404;1,192164915;1,142498349;1,279592052;1,079780622;1,353968027
03/03/2021;1,221077599;1,233568216;1,208586982;1,15051947;1,295966936;1,084292549;1,375187481
04/03/2021;1,225815042;1,235013686;1,216616398;1,153704003;1,302437716;1,086104598;1,383572024
05/03/2021;1,226093832;1,235086409;1,217101256;1,153890312;1,302819846;1,086209286;1,384068353
06/03/2021;1,222061775;1,233235514;1,210888036;1,151208324;1,297280183;1,08471983;1,376863547
07/03/2021;1,215083247;1,228646959;1,201519534;1,146576144;1,28768726;1,082165951;1,364388183
08/03/2021;1,207825385;1,223372269;1,192278501;1,141741296;1,277737637;1,079485368;1,35147805
09/03/2021;1,199426109;1,215735264;1,183116954;1,136192475;1,266181676;1,076480774;1,336459175
10/03/2021;1,188619658;1,205871066;1,17136825;1,129012546;1,251375972;1,072554634;1,317281486
11/03/2021;1,173889517;1,191660517;1,156118517;1,119201894;1,231250941;1,067188072;1,291286166
12/03/2021;1,157575183;1,174114149;1,141036216;1,108385934;1,208948485;1,061380739;1,262505842
13/03/2021;1,141539562;1,157014522;1,126064601;1,097662761;1,187170948;1,055540545;1,23455692
14/03/2021;1,126646077;1,141575754;1,111716401;1,087590293;1,167104822;1,049937469;1,208966528
15/03/2021;1,112776088;1,127521907;1,098030269;1,078106125;1,148561264;1,044551374;1,185461652
16/03/2021;1,09980707;1,115560148;1,084053991;1,069025457;1,131475194;1,039130358;1,16402983
17/03/2021;1,08660834;1,103899348;1,069317332;1,059573267;1,114333327;1,033228108;1,142748227
18/03/2021;1,078448679;1,093234266;1,063663093;1,054190858;1,103264768;1,030491303;1,128639123
19/03/2021;1,06925075;1,081945569;1,056555931;1,047988147;1,090944794;1,027156984;1,113070279
20/03/2021;1,059237572;1,070124401;1,048350744;1,041138105;1,07765171;1,023353309;1,096380518
21/03/2021;1,048468136;1,058157151;1,038779121;1,033620948;1,063528604;1,01898704;1,078802351
22/03/2021;1,037470344;1,047544451;1,027396237;1,025577679;1,049500922;1,013822926;1,061669413
23/03/2021;1,028025893;1,039881638;1,016170147;1,01807089;1,03807824;1,008213234;1,048227933
24/03/2021;1,018844254;1,03207913;1,005609378;1,01035079;1,027409119;1,001928728;1,036045385
25/03/2021;1,008756587;1,022733824;0,994779349;1,001367742;1,016199953;0,994033418;1,02369784
26/03/2021;0,997795526;1,012871752;0,9827193;0,990260667;1,005387719;0,98278314;1,013037245
27/03/2021;0,988244018;1,00299829;0,973489746;0,980203804;0,996350184;0,972229541;1,004522302
28/03/2021;0,979778951;0,993519597;0,966038306;0,970953327;0,988684799;0,962207926;0,997670871
29/03/2021;0,970840419;0,983433933;0,958246905;0,960694437;0,981093556;0,950655612;0,991453849
30/03/2021;0,961653041;0,971825181;0,951480901;0,950079068;0,973368016;0,938646095;0,985223991
31/03/2021;0,952231216;0,9550241;0,949438333;0,939295075;0,965345525;0,926537101;0,978638001
01/04/2021;0,942704444;0,95173501;0,933673879;0,926780508;0,958902006;0,911130197;0,975373193
02/04/2021;0,929075299;0,944191783;0,913958815;0,908973691;0,9496215;0,889316677;0,970612296
03/04/2021;0,914558298;0,933447309;0,895669287;0,890524142;0,939241225;0,867138756;0,964572922
04/04/2021;0,899885106;0,920670793;0,87909942;0,87233668;0,928303731;0,84565845;0,957592553
05/04/2021;0,885961948;0,906613733;0,865310163;0,855494646;0,917514647;0,82611274;0,950152742
06/04/2021;0,872497983;0,891982985;0,853012981;0,839406619;0,906894393;0,8076203;0,942595849
07/04/2021;0,86199614;0,879398762;0,844593518;0,827019135;0,898453085;0,79352207;0,936389969
08/04/2021;0,854775629;0,869828497;0,839722762;0,81858618;0,892565786;0,783997438;0,93195665
09/04/2021;0,849965563;0,86252409;0,837407036;0,813027713;0,888582457;0,777768907;0,928878395
10/04/2021;0,847081507;0,858439434;0,835723579;0,809655721;0,886238199;0,773960842;0,927125798
11/04/2021;0,845918211;0,857029081;0,834807341;0,808277296;0,885312989;0,772390244;0,926461629
12/04/2021;0,845843193;0,856949055;0,834737332;0,808187656;0,885254151;0,772287541;0,92642053
13/04/2021;0,847967798;0,858719082;0,837216515;0,810761507;0,886882407;0,775263533;0,927505332
14/04/2021;0,853591497;0,861105196;0,846077798;0,817713968;0,891043926;0,783411338;0,930071254
15/04/2021;0,857760771;0,864149386;0,851372156;0,822793261;0,894215021;0,789312491;0,93215601
16/04/2021;0,866483853;0,876962006;0,856005701;0,83309796;0,901208203;0,801050524;0,93727101
17/04/2021;0,876825394;0,891523833;0,862126956;0,845235188;0,90959668;0,814826061;0,943549046
18/04/2021;0,887467909;0,905370282;0,869565536;0,857736364;0,918230343;0,829035707;0,950023665
19/04/2021;0,896286895;0,915233816;0,877339974;0,868282821;0,925194398;0,841182177;0,95500533
20/04/2021;0,902490533;0,921728548;0,883252517;0,875772843;0,930023503;0,849870435;0,958371754
21/04/2021;0,908855637;0,927906269;0,889805005;0,883549207;0,934887037;0,858967747;0,961643408
22/04/2021;0,917078746;0,935283667;0,898873825;0,893725638;0,941042176;0,870982853;0,965615928
23/04/2021;0,925770792;0,941292787;0,910248798;0,904847472;0,947178;0,884408038;0,969069095
24/04/2021;0,931769693;0,944861801;0,918677585;0,912638129;0,951302355;0,893907663;0,971236114
25/04/2021;0,934278198;0,946376099;0,922180296;0,915892264;0,953033254;0,897875453;0,972157433
26/04/2021;0,933460027;0,945778583;0,92114147;0,914847611;0,952451148;0,896613901;0,971820974
27/04/2021;0,928910487;0,941385994;0,91643498;0,909214013;0,9490337;0,889944277;0,969583651
28/04/2021;0,919422642;0,92984632;0,908998965;0,897792067;0,94157444;0,876682715;0,964247461
29/04/2021;0,909070858;0,913647367;0,90449435;0,885490844;0,933278904;0,862538861;0,95811498
30/04/2021;0,904357062;0,907510362;0,901203763;0,879735029;0,929668352;0,855802253;0,955668898
01/05/2021;0,901618268;0,905135988;0,898100547;0,876351873;0,927613277;0,851814094;0,954336902
02/05/2021;0,898878571;0,903887074;0,893870069;0,872924628;0,925604353;0,847742521;0,953101972
03/05/2021;0,893487514;0,900208823;0,886766205;0,866221918;0,921611547;0,839814759;0,950594018
04/05/2021;0,886533832;0,893888543;0,879179121;0,857679732;0,916358918;0,829796618;0,947154989
05/05/2021;0,877750719;0,886017237;0,869484201;0,846918455;0,909705811;0,817209018;0,942783731
06/05/2021;0,870658681;0,879396619;0,861920744;0,838274716;0,904294161;0,807142265;0,939181155
07/05/2021;0,86360599;0,872006972;0,855205008;0,829754081;0,898839548;0,797283821;0,935454755
08/05/2021;0,854256079;0,863091922;0,845420236;0,818443913;0,891636008;0,784199509;0,930583699
09/05/2021;0,842184397;0,85272377;0,831645024;0,803839507;0,882359464;0,767324793;0,924364706
10/05/2021;0,828558102;0,841101102;0,816015101;0,787433274;0,871832199;0,748457716;0,917255565
11/05/2021;0,813316016;0,828336226;0,798295806;0,769170312;0,859997506;0,727560393;0,90921478
12/05/2021;0,800142528;0,81472012;0,785564937;0,753676596;0,849475921;0,710078126;0,901676775
13/05/2021;0,791112548;0,803902251;0,778322845;0,743199251;0,842117982;0,698378091;0,896215555
14/05/2021;0,782692477;0,794017136;0,771367818;0,73343627;0,835260377;0,687491756;0,89113997
15/05/2021;0,774108049;0,7845864;0,763629698;0,72347625;0,828287616;0,676392218;0,886014951
16/05/2021;0,76271843;0,773360646;0,752076213;0,710257464;0,819059561;0,661676665;0,879280857
17/05/2021;0,750078661;0,761124993;0,739032329;0,695658197;0,808762902;0,645501511;0,871710921
18/05/2021;0,736756123;0,748998008;0,724514238;0,68032674;0,797874093;0,628585944;0,86368065
19/05/2021;0,723781833;0,735822653;0,711741012;0,665550815;0,787117443;0,612424389;0,855557646
20/05/2021;0,716531024;0,727579183;0,705482864;0,657369069;0,781028266;0,603542402;0,850860797
21/05/2021;0,7123032;0,723131486;0,701474914;0,652594977;0,77748582;0,598361151;0,848142838
22/05/2021;0,707892334;0,718618604;0,697166063;0,647619076;0,773787363;0,592967591;0,845304164
23/05/2021;0,701780292;0,712234009;0,691326576;0,640745993;0,768641666;0,585538768;0,841330113
24/05/2021;0,694073168;0,703876896;0,68426944;0,632117607;0,762115815;0,576249133;0,836245549
25/05/2021;0,684831694;0,69189369;0,677769698;0,621864447;0,754191154;0,565289411;0,829942825
26/05/2021;0,679266072;0,684095518;0,674436625;0,615707999;0,749402665;0,558728447;0,826117779
27/05/2021;0,682136214;0,688056123;0,676216306;0,618884211;0,75186975;0,562113742;0,828084818
28/05/2021;0,68872458;0,696225637;0,681223522;0,62620083;0,757506722;0,569935474;0,832547258
29/05/2021;0,695576912;0,7031059;0,688047924;0,633872181;0,763302631;0,578188439;0,837049338
30/05/2021;0,695971104;0,703383314;0,688558894;0,634317361;0,763631626;0,578670397;0,837298928
31/05/2021;0,694112825;0,702046496;0,686179154;0,632219896;0,762079523;0,576400735;0,836119989
01/06/2021;0,690001761;0,698272838;0,681730684;0,6276079;0,758613933;0,571432349;0,833444415
02/06/2021;0,687124198;0,695050669;0,679197727;0,624401387;0,756163661;0,567995228;0,831519775
03/06/2021;0,690554461;0,698928129;0,682180792;0,628223179;0,759085446;0,572091602;0,833816135
04/06/2021;0,696663892;0,705928293;0,68739949;0,635040355;0,764281445;0,579410835;0,837893014
05/06/2021;0,70212491;0,711751463;0,692498357;0,641163119;0,768896108;0,586010734;0,841476713
06/06/2021;0,704176356;0,713722843;0,69462987;0,643474548;0,770617232;0,588511807;0,842797175
07/06/2021;0,70305148;0,712622483;0,693480476;0,642207496;0,769672934;0,587140983;0,84207186
08/06/2021;0,700259882;0,709715624;0,690804139;0,639071962;0,767319724;0,583755966;0,840251489
09/06/2021;0,696769496;0,705971259;0,687567732;0,63516087;0,764368089;0,57954221;0,83795665
10/06/2021;0,699511421;0,708861596;0,690161246;0,638234461;0,766685209;0,582854329;0,839755826
11/06/2021;0,705171599;0,713743779;0,69659942;0,644627079;0,771415165;0,589781603;0,843357776
12/06/2021;0,709341381;0,716263826;0,702418935;0,649375697;0,774856367;0,594959315;0,845920656
13/06/2021;0,712269357;0,719540581;0,704998134;0,652674428;0,777317218;0,598532431;0,847818011
14/06/2021;0,710798709;0,717942429;0,703654989;0,651015818;0,776083095;0,596734423;0,846868977
15/06/2021;0,706625894;0,713123175;0,700128613;0,646322367;0,772568194;0,591657611;0,844149266
16/06/2021;0,700179988;0,70661103;0,693748946;0,63906732;0,767150154;0,583812151;0,839977819
17/06/2021;0,698425079;0,704791786;0,692058373;0,637097034;0,765670407;0,58168627;0,838833016
18/06/2021;0,698232739;0,704641315;0,691824162;0,636880084;0,765509462;0,5814515;0,838710255
19/06/2021;0,697264103;0,704003553;0,690524654;0,635784922;0,764702166;0,580264621;0,838099111
20/06/2021;0,68552523;0,698347424;0,672703035;0,622442901;0,755017224;0,565770239;0,830918885
21/06/2021;0,670350534;0,686778871;0,653922198;0,605402625;0,742286254;0,547442525;0,821209782
22/06/2021;0,655004043;0,672236507;0,63777158;0,588433855;0,729129645;0,52941908;0,810810661
23/06/2021;0,642263285;0,657460698;0,627065872;0,574581886;0,717944888;0,514900692;0,801626695
24/06/2021;0,636306928;0,649975907;0,62263795;0,568154946;0,712663576;0,508207631;0,797224891
25/06/2021;0,633962696;0,646866917;0,621058475;0,565634938;0,710574666;0,505591392;0,795470847
26/06/2021;0,632009047;0,644121451;0,619896643;0,563541276;0,708826276;0,503422962;0,793992963
27/06/2021;0,638100319;0,651919636;0,624281003;0,570102222;0,714237841;0,510243549;0,798514787
28/06/2021;0,647755817;0,664296799;0,631214835;0,580521083;0,722803827;0,521099625;0,805665112
29/06/2021;0,662311037;0,682400416;0,642221657;0,596304879;0,735646064;0,537627591;0,816309962
30/06/2021;0,682064106;0,707489282;0,65663893;0,617776475;0,753059907;0,560197013;0,830763878
01/07/2021;0,711870456;0,742336817;0,681404095;0,65064719;0,778867392;0,595197593;0,851637998
02/07/2021;0,749448147;0,783806473;0,715089821;0,692820576;0,81071192;0,640829205;0,876611893
03/07/2021;0,789695922;0,822374637;0,757017207;0,739459869;0,843348766;0,692640606;0,900418401
04/07/2021;0,841794966;0,888523714;0,795066217;0,797570334;0,888473705;0,755799811;0,937606552
05/07/2021;0,898765439;0,959940244;0,837590634;0,859363959;0,939974412;0,82176997;0,982990877
06/07/2021;0,958244372;1,031235695;0,885253049;0,920779609;0,997234137;0,884839846;1,037748903
07/07/2021;1,021293913;1,102032995;0,94055483;0,981283357;1,062936525;0,942904859;1,106211195
08/07/2021;1,084356669;1,16593572;1,002777619;1,037438498;1,133397802;0,992643288;1,184561895
09/07/2021;1,148094523;1,226653059;1,069535987;1,088966766;1,210435117;1,033051845;1,275988547
10/07/2021;1,213693292;1,290518925;1,136867659;1,136706384;1,295900366;1,064939643;1,383327606
11/07/2021;1,280833699;1,356356407;1,20531099;1,182328106;1,38756057;1,092043793;1,50250872
12/07/2021;1,350623985;1,42796701;1,27328096;1,227004748;1,486729476;1,115871764;1,63532122
13/07/2021;1,418353282;1,49844315;1,338263415;1,26864527;1,585789705;1,136665667;1,770954538
14/07/2021;1,482788126;1,563228876;1,402347376;1,307236598;1,682022094;1,155367511;1,904938503
15/07/2021;1,53289892;1,606291825;1,459506015;1,337024258;1,757624953;1,170000968;2,011202358
16/07/2021;1,57570369;1,643720036;1,507687345;1,361772874;1,823452412;1,181659963;2,10501904
17/07/2021;1,604628126;1,676560288;1,532695963;1,377748901;1,869125206;1,188487531;2,17124014
18/07/2021;1,647397679;1,714263105;1,580532253;1,401668561;1,936542213;1,199354859;2,269102164
19/07/2021;1,688229606;1,743726066;1,632733146;1,42434041;2,00143677;1,20976918;2,3639619
20/07/2021;1,720345449;1,760083661;1,680607236;1,4420055;2,052921329;1,217901482;2,439733141
21/07/2021;1,738381381;1,761212302;1,715550459;1,451876681;2,081984596;1,222470496;2,482686327
22/07/2021;1,731192911;1,761877127;1,700508694;1,447953454;2,070378279;1,22065991;2,465509558
23/07/2021;1,708214355;1,751269917;1,665158793;1,435466191;2,033262875;1,215018383;2,41061175
24/07/2021;1,679791666;1,730429138;1,629154193;1,419985334;1,98753785;1,208118854;2,343223887
25/07/2021;1,647942383;1,701743209;1,594141557;1,402584202;1,936555278;1,200480736;2,268422888
26/07/2021;1,617930688;1,674379366;1,561482009;1,385979897;1,8889753;1,193122928;2,199113734
27/07/2021;1,587536376;1,646678354;1,528394397;1,368936424;1,841269088;1,185469234;2,130134562
28/07/2021;1,552693424;1,616700459;1,488686389;1,348993264;1,787330003;1,176229522;2,052903001
29/07/2021;1,502217716;1,566435859;1,437999573;1,319955372;1,709768367;1,162981335;1,942607326
30/07/2021;1,447918855;1,509456708;1,386381003;1,288218623;1,627493753;1,148393057;1,826943317
31/07/2021;1,39857275;1,454176974;1,342968526;1,259029802;1,553629551;1,135000708;1,724200206
01/08/2021;1,356179636;1,406228909;1,306130364;1,233515855;1,491071706;1,12308036;1,638192062
02/08/2021;1,318824683;1,365666359;1,271983008;1,210501055;1,436861309;1,111890425;1,564610932
03/08/2021;1,287419582;1,332444922;1,242394243;1,190765923;1,391931519;1,10197054;1,504301731
04/08/2021;1,257900552;1,302124028;1,213677076;1,171841811;1,350287895;1,09211167;1,44900384
05/08/2021;1,225618027;1,264875669;1,186360385;1,151313523;1,304723066;1,081809554;1,38862864
06/08/2021;1,194820179;1,226453789;1,163186569;1,131806148;1,261345279;1,072303187;1,331381449
07/08/2021;1,168783979;1,192150072;1,145417887;1,115292804;1,224842152;1,064368625;1,283467321
08/08/2021;1,148273394;1,16447407;1,132072717;1,10215281;1,196324781;1,057963029;1,246306972
09/08/2021;1,133142949;1,145859499;1,1204264;1,092190391;1,175631596;1,052773922;1,219656333
10/08/2021;1,122644572;1,135726741;1,109562403;1,085019904;1,161574323;1,04870032;1,201809158
11/08/2021;1,112655407;1,127173123;1,098137691;1,078046068;1,148376123;1,044548105;1,185208216
12/08/2021;1,100570873;1,114976623;1,086165122;1,069713603;1,132318446;1,039746636;1,164956321
13/08/2021;1,087108444;1,099211858;1,07500503;1,06060968;1,11426937;1,034773076;1,142092456
14/08/2021;1,076259749;1,086517719;1,06600178;1,053230825;1,099792262;1,03070549;1,123828362
15/08/2021;1,066778025;1,076695147;1,056860902;1,046608112;1,087336682;1,026826943;1,108284084
16/08/2021;1,058600221;1,06734863;1,049851813;1,040971953;1,076527036;1,023642231;1,094752397
17/08/2021;1,052745292;1,060819998;1,044670587;1,036903504;1,068829125;1,021303761;1,085155002
18/08/2021;1,04654721;1,053590154;1,039504265;1,032623909;1,060658253;1,018888351;1,074957038
19/08/2021;1,040058432;1,046038489;1,034078376;1,028128297;1,052127007;1,0163366;1,06433402
20/08/2021;1,034792383;1,039120758;1,030464008;1,024559142;1,045127836;1,014428112;1,055565501
21/08/2021;1,031631527;1,034462389;1,028800664;1,022444333;1,040901273;1,013339693;1,050253573
22/08/2021;1,028958383;1,031368997;1,026547769;1,020574045;1,037411602;1,012258589;1,045933702
23/08/2021;1,027343694;1,029483148;1,025204239;1,019443817;1,035304789;1,011605159;1,043327103
24/08/2021;1,024991081;1,027895812;1,02208635;1,017702234;1,032332132;1,01046559;1,039725386
25/08/2021;1,022698069;1,025724595;1,019671544;1,016045681;1,029394014;1,009436848;1,036133514
26/08/2021;1,021474113;1,02426348;1,018684746;1,015193052;1,027794036;1,008950852;1,03415282
27/08/2021;1,020364615;1,022925269;1,017803961;1,014421018;1,026343036;1,008512246;1,032356282
28/08/2021;1,017906518;1,02135423;1,014458806;1,01252814;1,023313465;1,007178331;1,028748982
29/08/2021;1,013470531;1,017853046;1,009088017;1,009066704;1,017893579;1,004682095;1,022335846
30/08/2021;1,00875205;1,014362687;1,003141414;1,005014508;1,012503491;1,001290866;1,016268832
31/08/2021;1,002195989;1,010426556;0,993965422;0,998043022;1,006366237;0,993907336;1,010553766
01/09/2021;0,994993503;1,00473499;0,985252016;0,989937385;1,000075446;0,984907091;1,005183213
02/09/2021;0,986389756;0,996722552;0,97605696;0,980002415;0,992818728;0,973656705;0,999289332
03/09/2021;0,97664237;0,987814733;0,965470007;0,968141772;0,985217607;0,959715814;0,993867483
04/09/2021;0,966145935;0,978726844;0,953565026;0,954999138;0,977422842;0,943982452;0,98882986
05/09/2021;0,953791517;0,967233864;0,940349169;0,939667421;0,968127923;0,925755636;0,98267664
06/09/2021;0,940058111;0,954919254;0,925196968;0,922502309;0,957948042;0,905280635;0,976172101
07/09/2021;0,925254133;0,939687077;0,91082119;0,904402124;0,946586974;0,884030945;0,968400644
08/09/2021;0,912176376;0,924891267;0,899461485;0,888595493;0,936383141;0,865640492;0,961215788
09/09/2021;0,901562126;0,912755407;0,890368845;0,875753847;0,928131134;0,850706297;0,955460873
10/09/2021;0,89313013;0,903174537;0,883085723;0,865542411;0,921597385;0,838834228;0,950944176
11/09/2021;0,88488445;0,893370387;0,876398513;0,855593511;0,915178448;0,827305631;0,946475505
12/09/2021;0,877638852;0,884596396;0,870681309;0,846858926;0,909537874;0,817198097;0,942555993
13/09/2021;0,870317865;0,876919857;0,863715872;0,837980746;0,903903316;0,80689196;0,9387371
14/09/2021;0,863170336;0,8682539;0,858086771;0,829382593;0,898335109;0,796971882;0,934876914
15/09/2021;0,85822995;0,862275722;0,854184178;0,823442013;0,894488228;0,790124418;0,932216849
16/09/2021;0,856800426;0,860402323;0,85319853;0,821727237;0,893371302;0,788151733;0,931439864
17/09/2021;0,856512335;0,860051948;0,852972722;0,821380964;0,893147002;0,787752887;0,931284965
18/09/2021;0,854943146;0,858702761;0,851183531;0,819482216;0,891939273;0,785556484;0,930470597
19/09/2021;0,853464681;0,857439815;0,849489546;0,817694009;0,890800918;0,783488903;0,929702721
20/09/2021;0,849556998;0,853819642;0,845294354;0,81298011;0,887780354;0,778049692;0,927650179
21/09/2021;0,844919294;0,849338687;0,840499901;0,807400835;0,88418211;0,771626733;0,925189284
22/09/2021;0,840887903;0,84564273;0,836133077;0,802554486;0,881053333;0,766053082;0,923050775
23/09/2021;0,838932805;0,843493488;0,834372122;0,80021727;0,879522546;0,763375938;0,921986491
24/09/2021;0,838740824;0,843269562;0,834212085;0,799988205;0,87937178;0,763113923;0,921881073
25/09/2021;0,837651121;0,842200499;0,833101743;0,798682871;0,878521791;0,761617039;0,921294879
26/09/2021;0,837824335;0,842386993;0,833261677;0,798889869;0,878657429;0,761854029;0,92138915
27/09/2021;0,836935758;0,841212093;0,832659422;0,797833814;0,877955245;0,760649414;0,920892277
28/09/2021;0,835842041;0,839767014;0,831917068;0,796533732;0,877091365;0,75916644;0,920281706
29/09/2021;0,836230575;0,840335988;0,832125162;0,796994257;0,877399683;0,759690729;0,920501581
30/09/2021;0,839839294;0,84475507;0,834923518;0,801293071;0,880240857;0,764602189;0,922497762
01/10/2021;0,844894288;0,849762568;0,840026008;0,807357852;0,884176847;0,77156754;0,925205529
02/10/2021;0,849873899;0,855152539;0,84459526;0,813330451;0,888060097;0,778429753;0,927889044
03/10/2021;0,85419432;0,858532051;0,849856589;0,81856374;0,891376569;0,784484829;0,930110487
04/10/2021;0,857836062;0,861671498;0,854000626;0,822971873;0,894177893;0,789585325;0,931997366
05/10/2021;0,860744904;0,864481797;0,85700801;0,826489588;0,896420601;0,793654655;0,933516681
06/10/2021;0,862556607;0,866408865;0,858704348;0,828678127;0,897820704;0,796185266;0,934470419
07/10/2021;0,867477374;0,872326003;0,862628745;0,834608048;0,901641693;0,803033716;0,937101006
08/10/2021;0,873989956;0,879210771;0,86876914;0,842501071;0,906656164;0,81218951;0,940499695
09/10/2021;0,879602474;0,885946236;0,873258712;0,849281373;0,911006446;0,820043143;0,94349329
10/10/2021;0,881344688;0,887100414;0,875588962;0,851432615;0,91230794;0,822571722;0,944322371
11/10/2021;0,882536704;0,887907681;0,877165727;0,852903472;0,913199822;0,824300126;0,944892827
12/10/2021;0,884020043;0,889417912;0,878622174;0,8547125;0,914332819;0,826410189;0,945650827
13/10/2021;0,885918509;0,891362862;0,880474157;0,857028831;0,91578231;0,829113275;0,946620232
14/10/2021;0,89096841;0,897535256;0,884401563;0,863146709;0,919687116;0,836222015;0,94930283
15/10/2021;0,899361658;0,908991665;0,889731651;0,873206985;0,926299903;0,847835884;0,95402172
16/10/2021;0,912343717;0,926266135;0,898421298;0,888637362;0,936682603;0,865563539;0,961654021
17/10/2021;0,929070296;0,949316863;0,90882373;0,907905297;0,950728758;0,887233762;0,972880684
18/10/2021;0,949792659;0,97625183;0,923333489;0,931019941;0,968943942;0,912625787;0,988473789
19/10/2021;0,974689073;1,007466323;0,941911824;0,957036405;0,992667375;0,93970937;1,010971311
20/10/2021;1,003306893;1,042550663;0,964063122;0,983855135;1,023143267;0,964787996;1,043364259
21/10/2021;1,035001514;1,07708762;0,992915408;1,011916536;1,058613202;0,989358266;1,082751599
22/10/2021;1,070056036;1,11252376;1,027588311;1,040765586;1,100170975;1,012299626;1,131110404
23/10/2021;1,108151297;1,147235556;1,069067038;1,070520699;1,147105082;1,034213289;1,187382054
24/10/2021;1,142899029;1,180269218;1,105528841;1,095615747;1,192223857;1,050374013;1,243590232
25/10/2021;1,177254872;1,213221978;1,141287765;1,119447439;1,23804943;1,064627131;1,301831115
26/10/2021;1,207724926;1,238910865;1,176538988;1,140420024;1,27900547;1,077090763;1,354261656
27/10/2021;1,231740142;1,258468889;1,205011394;1,156575884;1,311794388;1,086301616;1,396738624
28/10/2021;1,247219157;1,268142343;1,226295971;1,166989666;1,332970886;1,092282413;1,424244854
29/10/2021;1,25074101;1,269155872;1,232326148;1,169389897;1,337758351;1,093705012;1,43044192
30/10/2021;1,24903498;1,26848076;1,2295892;1,16824045;1,335423889;1,0930403;1,427407178
31/10/2021;1,246281988;1,266771905;1,225792072;1,166411994;1,331627502;1,092017519;1,422448534
01/11/2021;1,244329378;1,264928721;1,223730035;1,16514855;1,328897381;1,091354896;1,418852558
02/11/2021;1,243533346;1,264026848;1,223039844;1,164641953;1,327774888;1,09110071;1,417366578
03/11/2021;1,242118707;1,262453554;1,22178386;1,163739507;1,325782837;1,090645236;1,414731897
04/11/2021;1,236980281;1,256094362;1,2178662;1,160493892;1,318513258;1,089054091;1,405092823
05/11/2021;1,230866939;1,248189029;1,213544849;1,156638984;1,30986343;1,087179564;1,393628457
06/11/2021;1,2288475;1,245180566;1,212514434;1,155382568;1,306988427;1,08659363;1,389805348
07/11/2021;1,232838961;1,251127632;1,21455029;1,157862843;1,312675174;1,08774682;1,397371482
08/11/2021;1,242063603;1,261811975;1,22231523;1,163737899;1,325667023;1,090689913;1,41454816
09/11/2021;1,253893851;1,273770351;1,234017351;1,17133484;1,342279101;1,094602068;1,436490589
10/11/2021;1,266805403;1,282325146;1,251285661;1,179783954;1,360254353;1,099190004;1,460130801
11/11/2021;1,27494329;1,284094142;1,265792438;1,185146805;1,371553289;1,102163834;1,474976803
12/11/2021;1,278970117;1,287760541;1,270179692;1,187701327;1,377262831;1,103456464;1,482579472
13/11/2021;1,282529342;1,292500962;1,272557723;1,189921703;1,382355272;1,104532354;1,489399493
14/11/2021;1,286260136;1,297568115;1,274952158;1,192240059;1,387706202;1,105645971;1,496578256
15/11/2021;1,290329142;1,301406739;1,279251545;1,194807405;1,393499834;1,106934624;1,504319482
16/11/2021;1,296115724;1,305330982;1,286900465;1,198484704;1,401713205;1,108820145;1,515277148
17/11/2021;1,29840446;1,306380967;1,290427952;1,199943173;1,404958629;1,109574767;1,519605681
18/11/2021;1,292714504;1,304742897;1,280686111;1,196281488;1,396933717;1,107634668;1,508939127
19/11/2021;1,283087262;1,297359486;1,268815037;1,190148783;1,383294386;1,104478949;1,490770156
20/11/2021;1,27446509;1,289838365;1,259091816;1,184654202;1,371094525;1,101661859;1,474542505
21/11/2021;1,268737312;1,284628315;1,252846309;1,180997626;1,363004449;1,099785391;1,463799037
22/11/2021;1,263580232;1,279322095;1,24783837;1,177721517;1,355706592;1,098130446;1,454100597
23/11/2021;1,258510067;1,27435563;1,242664504;1,17448277;1,348556732;1,096474842;1,444622766
24/11/2021;1,253069558;1,268119138;1,238019978;1,171037389;1,340855216;1,094758711;1,434394366
25/11/2021;1,241261124;1,252767788;1,22975446;1,163594798;1,324117222;1,091118243;1,412163092
26/11/2021;1,232837877;1,241493138;1,224182615;1,158256123;1,312227043;1,088481783;1,396423623
27/11/2021;1,227524049;1,234907832;1,220140266;1,15485661;1,304768501;1,086766185;1,386589966
28/11/2021;1,226196644;1,233313962;1,219079327;1,154004455;1,302909459;1,08633289;1,384142899
29/11/2021;1,226597781;1,23383809;1,219357472;1,154261077;1,303472234;1,086462121;1,384884436
30/11/2021;1,228553878;1,235450483;1,221657272;1,155532939;1,306193803;1,087130987;1,388452715
01/12/2021;1,230328728;1,236429812;1,224227645;1,156695009;1,308654634;1,087753476;1,391672727
02/12/2021;1,225063266;1,232676187;1,217450344;1,153259703;1,30134176;1,085931071;1,382095186
03/12/2021;1,219597235;1,227398549;1,21179592;1,149713404;1,293732794;1,084081301;1,372120081
04/12/2021;1,214277637;1,221774483;1,206780791;1,146265952;1,286328234;1,082293179;1,362417744
05/12/2021;1,203022533;1,21650864;1,189536426;1,138703175;1,270977856;1,078019782;1,342569144
06/12/2021;1,195526514;1,210372646;1,180680383;1,133712978;1,260712825;1,075272215;1,329271908
07/12/2021;1,191265011;1,205672851;1,176857171;1,130931618;1,254819387;1,073819209;1,321594747
08/12/2021;1,189314629;1,203565472;1,175063785;1,129654476;1,252127798;1,07314734;1,318093984
09/12/2021;1,183923653;1,196926289;1,170921017;1,126162301;1,244649562;1,071365504;1,308340026
10/12/2021;1,181045449;1,192828889;1,169262009;1,124320547;1,240634093;1,070459388;1,30308648
11/12/2021;1,180231867;1,191546721;1,168917014;1,123804566;1,239494226;1,070212321;1,301591641
12/12/2021;1,183694489;1,196786844;1,170602135;1,126006145;1,244340306;1,071275272;1,307943595
13/12/2021;1,193073787;1,209597879;1,176549695;1,131999283;1,257445831;1,074222319;1,325115417
14/12/2021;1,20545812;1,224856794;1,186059445;1,139955942;1,274727182;1,07822065;1,347763128
15/12/2021;1,218558011;1,238013776;1,199102245;1,148519361;1,292871713;1,082755765;1,371460469
16/12/2021;1,227065428;1,245237328;1,208893527;1,154128815;1,304615971;1,085806135;1,386780447
17/12/2021;1,239737492;1,255879598;1,223595387;1,162426967;1,322195473;1,090263898;1,40980091
18/12/2021;1,257178572;1,270545706;1,243811438;1,173729567;1,346568093;1,096221077;1,44189813
19/12/2021;1,277722111;1,304030922;1,251413299;1,186161086;1,376361387;1,101678313;1,482078915
20/12/2021;1,30520562;1,343469559;1,266941681;1,202680719;1,416486397;1,108911692;1,536523048
21/12/2021;1,340127213;1,388213472;1,292040953;1,223724469;1,467627542;1,118419312;1,606225458
22/12/2021;1,362923129;1,408971641;1,316874618;1,238011365;1,50047037;1,125735076;1,650653086
23/12/2021;1,378148064;1,421451357;1,334844771;1,247548846;1,522456679;1,130659025;1,680474692
24/12/2021;1,406510704;1,452551551;1,360469856;1,264566143;1,564438711;1,138605029;1,738350166
25/12/2021;1,449076841;1,508276679;1,389877004;1,289090839;1,628995378;1,149037372;1,828846448
26/12/2021;1,508774329;1,591707262;1,425841397;1,322258858;1,721731531;1,162185117;1,961130464
27/12/2021;1,583153173;1,690692635;1,475613711;1,362846;1,839309251;1,178387732;2,131314233
28/12/2021;1,662289532;1,7856717;1,538907364;1,405765528;1,966020331;1,196448319;2,316957925
29/12/2021;1,717040622;1,834978282;1,599102963;1,436116032;2,053454028;1,210680257;2,44535625
30/12/2021;1,746543237;1,857286649;1,635799824;1,452442426;2,100818922;1,21851649;2,515269481
31/12/2021;1,776398252;1,882332205;1,6704643;1,468530427;2,149533752;1,225930275;2,587936926
01/01/2022;1,804407781;1,907502232;1,70131333;1,483318062;2,195836771;1,232567614;2,657605031
02/01/2022;1,838754925;1,935516051;1,741993799;1,501359191;2,252954799;1,240767596;2,743958812
03/01/2022;1,851700721;1,941272046;1,762129397;1,508312863;2,274305604;1,244142027;2,77612751
04/01/2022;1,858487062;1,943640712;1,773333412;1,511957104;2,285510583;1,24592071;2,793027668
05/01/2022;1,83447884;1,926688722;1,742268959;1,499399375;2,245399487;1,24016109;2,732161315
06/01/2022;1,778899661;1,870106226;1,687693096;1,470701644;2,152408264;1,227814213;2,591227452
07/01/2022;1,722144273;1,802751036;1,641537511;1,441315986;2,058218996;1,215734133;2,449540152
08/01/2022;1,664723989;1,734086147;1,595361831;1,410992746;1,964457305;1,203263577;2,310192694
09/01/2022;1,611299614;1,681264782;1,541334446;1,381582936;1,879479128;1,190329096;2,18612148
10/01/2022;1,565319671;1,644906897;1,485732446;1,35509695;1,808353876;1,177685712;2,084199563
11/01/2022;1,524083238;1,615650589;1,432515887;1,330377981;1,746143389;1,165027618;1,996558434
12/01/2022;1,4706935;1,561505053;1,379881946;1,299012283;1,665164558;1,150120907;1,882425459
13/01/2022;1,401491302;1,478055658;1,324926945;1,25873627;1,560488777;1,132223683;1,735728696
14/01/2022;1,34268565;1,405264491;1,280106809;1,223847413;1,473090668;1,116575956;1,615062466
15/01/2022;1,291924981;1,346140105;1,237709858;1,192621788;1,399510998;1,101601418;1,515379838
16/01/2022;1,250251976;1,306153043;1,194350909;1,165306497;1,341397837;1,0865614;1,438744081
17/01/2022;1,20850213;1,253770239;1,163234021;1,139136757;1,282095286;1,073999168;1,359916225
18/01/2022;1,171024614;1,209801761;1,132247466;1,114783337;1,230105094;1,061381263;1,292024778
19/01/2022;1,137979466;1,172917321;1,103041611;1,09262886;1,185213203;1,049161386;1,234330072
20/01/2022;1,102939029;1,132885182;1,072992876;1,0688482;1,138117458;1,035844972;1,174383489
21/01/2022;1,0765322;1,104804465;1,048259935;1,050044558;1,103688107;1,02422518;1,131512277
22/01/2022;1,053073418;1,081147243;1,024999593;1,032338001;1,074225366;1,012019115;1,095793845
23/01/2022;1,029650336;1,056221462;1,003079209;1,01398024;1,045562611;0,998552326;1,061717068
24/01/2022;1,004845834;1,029798179;0,979893489;0,992373144;1,017475293;0,980057224;1,030261523
25/01/2022;0,979513212;1,001907144;0,957119279;0,967040197;0,992147111;0,954728068;1,004941896
26/01/2022;0,959096917;0,981673782;0,936520053;0,943361233;0,975095098;0,927888046;0,991355774
27/01/2022;0,940081288;0,95976401;0,920398566;0,921414395;0,959126391;0,903125713;0,978549705
28/01/2022;0,920618088;0,940858986;0,900377191;0,89763048;0,944194488;0,875231663;0,968359679
29/01/2022;0,899498128;0,920299849;0,878696407;0,871864456;0,928007866;0,845106852;0,957393672
30/01/2022;0,874584658;0,89351879;0,855650526;0,842000564;0,908430178;0,810677896;0,943537123
31/01/2022;0,854832382;0,875561354;0,834103411;0,818003779;0,893319943;0,782834135;0,933466462
01/02/2022;0,833880577;0,855378217;0,812382937;0,792905179;0,876974898;0,754048705;0,922188144
02/02/2022;0,815082459;0,835793334;0,794371584;0,770729505;0,861989897;0,728931035;0,911451819
03/02/2022;0,799685617;0,816653588;0,782717646;0,752955357;0,849318869;0,70912809;0,901855115
04/02/2022;0,782171272;0,797922587;0,766419956;0,732554229;0,835152818;0,686301689;0,891498867
05/02/2022;0,764735952;0,779708953;0,749762951;0,712354879;0,820973945;0,663830725;0,881068858
06/02/2022;0,748657284;0,763399058;0,73391551;0,693830362;0,807823448;0,643342684;0,871328856
07/02/2022;0,732544067;0,746457455;0,718630679;0,675432616;0,79449326;0,623158907;0,861280196
08/02/2022;0,716863303;0,729586258;0,704140347;0,657671819;0,781392944;0,603818493;0,851260742
09/02/2022;0,705197523;0,715659859;0,694735187;0,644591755;0,771514213;0,589696908;0,843541824
10/02/2022;0,703127667;0,713079207;0,693176126;0,642279983;0,76975287;0,58720982;0,842155594
11/02/2022;0,699847967;0,70909727;0,690598664;0,638615907;0,766964664;0,583268483;0,839965997
12/02/2022;0,696403716;0,705155905;0,687651528;0,63476466;0,764042433;0,579125264;0,837680809
13/02/2022;0,692704754;0,700994358;0,684415151;0,630632419;0,76090166;0,574684654;0,835223135
14/02/2022;0,689613241;0,697374901;0,68185158;0,627187506;0,758267849;0,570990646;0,833151331
15/02/2022;0,68734642;0,694527954;0,680164885;0,624668917;0,756328713;0,568296206;0,831615797
16/02/2022;0,688466229;0,695883363;0,681049095;0,625914224;0,757285182;0,569629168;0,832371083
17/02/2022;0,699511636;0,707387958;0,691635314;0,638279599;0,76663142;0,582935309;0,839638951
18/02/2022;0,706319195;0,714150064;0,698488326;0,64594217;0,772352118;0,591221041;0,844040938
19/02/2022;0,712550506;0,720232989;0,704868023;0,65298102;0,777565691;0,598857232;0,848026574
20/02/2022;0,718511356;0,726221753;0,710800959;0,659729101;0,782541582;0,606194817;0,851819777
21/02/2022;0,724075111;0,732306883;0,715843339;0,666029843;0,787188734;0,613052928;0,855370711
22/02/2022;0,728691445;0,73801708;0,719365809;0,671246276;0,791061798;0,618726292;0,858357336
23/02/2022;0,735213976;0,745859047;0,724568906;0,678635927;0,796517177;0,626783029;0,862545529
24/02/2022;0,749262257;0,760549151;0,737975363;0,694708381;0,808106751;0,644445122;0,871241861
25/02/2022;0,761185608;0,771574878;0,750796338;0,708495999;0,817799084;0,659730257;0,878336428
26/02/2022;0,770666477;0,779694457;0,761638498;0,719539186;0,825431247;0,672049372;0,883833493
27/02/2022;0,779043973;0,787454234;0,770633711;0,72931137;0,832171852;0,682974043;0,888695008
28/02/2022;0,786478033;0,794726636;0,778229431;0,737999208;0,838144853;0,692708378;0,892999667
01/03/2022;0,794607224;0,803922366;0,785292082;0,747480639;0,844707968;0,703328214;0,897782871
02/03/2022;0,804415994;0,815928927;0,792903062;0,758904527;0,85265924;0,716124839;0,903634265
03/03/2022;0,820907667;0,833679721;0,808135613;0,778325542;0,865821202;0,738074827;0,913066148
04/03/2022;0,838111023;0,854140705;0,822081341;0,798533918;0,879650862;0,760919548;0,923153436
05/03/2022;0,856674537;0,876097227;0,837251847;0,820380025;0,894575544;0,78569201;0,934083046
06/03/2022;0,878391011;0,90222721;0,854554813;0,845829362;0,912206642;0,814521694;0,947276254
07/03/2022;0,90386587;0,932830861;0,874900879;0,875407006;0,933250156;0,847873564;0,963559864
08/03/2022;0,933148363;0,967425181;0,898871544;0,908735804;0,958216866;0,884979191;0,983941314
09/03/2022;0,965987063;1,005106905;0,926867221;0,944561799;0,987898373;0,923622582;1,01029573
10/03/2022;1,001693;1,040782099;0,962603901;0,982333411;1,02143416;0,963355394;1,04155689
11/03/2022;1,042855951;1,084890243;1,000821659;1,018710166;1,067574128;0,995136772;1,092864695
12/03/2022;1,085554551;1,131186698;1,039922403;1,05177235;1,120422092;1,01907549;1,156374974
13/03/2022;1,129763541;1,178126681;1,0814004;1,083910742;1,177556924;1,039998528;1,227290892
14/03/2022;1,172338668;1,222314701;1,122362635;1,11368585;1,23408261;1,058124157;1,298917677
15/03/2022;1,21096052;1,259253343;1,162667697;1,140324791;1,28597588;1,074068692;1,365370871
16/03/2022;1,242148062;1,285059898;1,199236225;1,161728588;1,328141177;1,086882755;1,419707933
17/03/2022;1,262280478;1,296985853;1,227575102;1,175646613;1,355307117;1,095405523;1,454726529
18/03/2022;1,277851196;1,304973823;1,250728569;1,186190262;1,376605687;1,101622882;1,482453733
19/03/2022;1,285307145;1,308429207;1,262185084;1,191158191;1,386909278;1,104462413;1,495964587
20/03/2022;1,286218642;1,308872308;1,263564976;1,191759697;1,388176204;1,104799368;1,497632383
21/03/2022;1,280521483;1,305575626;1,255467341;1,188016336;1,380240515;1,102725072;1,487173432
22/03/2022;1,268833056;1,297150823;1,24051529;1,180361417;1,363945251;1,098530333;1,465698001
23/03/2022;1,250327688;1,281879269;1,218776107;1,168219459;1,338214034;1,091889346;1,431878496
24/03/2022;1,221089942;1,251580658;1,190599225;1,149288896;1,297381095;1,081977958;1,378162355
25/03/2022;1,194710486;1,223226766;1,166194205;1,132076539;1,260812411;1,072910572;1,330382316
26/03/2022;1,16731991;1,194619937;1,140019882;1,113873696;1,223332073;1,062993432;1,281910186
27/03/2022;1,140148884;1,168221285;1,112076484;1,095259186;1,18687918;1,052210086;1,235450074
28/03/2022;1,115914249;1,145208118;1,086620379;1,078188318;1,154960618;1,041782826;1,195327427
29/03/2022;1,093386368;1,123827861;1,062944876;1,061857065;1,125852065;1,031264155;1,159254156
30/03/2022;1,070755446;1,101251506;1,040259386;1,045128011;1,097011382;1,020129077;1,123895819
31/03/2022;1,045905264;1,071547767;1,020262762;1,02754223;1,064596488;1,009507385;1,0836159
01/04/2022;1,024650688;1,046073519;1,003227858;1,011896836;1,037565296;0,999303738;1,050640658
02/04/2022;1,006052484;1,023133788;0,98897118;0,997379708;1,014800676;0,988782348;1,023624284
03/04/2022;0,989952254;1,003637382;0,976267127;0,982584104;0,997375658;0,975271206;1,004854314
04/04/2022;0,976932209;0,987677998;0,96618642;0,968628205;0,985307404;0,960395392;0,99375379
05/04/2022;0,966914227;0,976027614;0,957800841;0,956812031;0,977123087;0,946816499;0,987438611
06/04/2022;0,95931623;0,966884844;0,951747617;0,947667526;0,971108126;0,936162013;0,983043212
07/04/2022;0,953495719;0,958216345;0,948775093;0,940743099;0,96642122;0,92816336;0,979519603
08/04/2022;0,949432523;0,954202949;0,944662097;0,935649798;0,963418288;0,922070112;0,977607092
09/04/2022;0,945938713;0,950638913;0,941238513;0,93128447;0,960823562;0,916860834;0,975939018
10/04/2022;0,942080039;0,945909119;0,93825096;0,926520462;0,957900935;0,911222204;0,973983151
11/04/2022;0,938006019;0,941814164;0,934197873;0,921433532;0,954876595;0,905159135;0,97204526
12/04/2022;0,935172171;0,93852612;0,931818222;0,917921665;0,952746894;0,900995377;0,970645835
13/04/2022;0,934062795;0,936817502;0,931308088;0,916563946;0,951895758;0,899399212;0,970062837
14/04/2022;0,933381676;0,936100078;0,930663275;0,915716174;0,951388003;0,898391497;0,969735155
15/04/2022;0,921141414;0,934556638;0,907726191;0,899510357;0,943292722;0,87839955;0,965964279
16/04/2022;0,919886002;0,933160302;0,906611702;0,89798828;0,942317786;0,87662462;0,965283632
17/04/2022;0,92169844;0,935531907;0,907864973;0,900131179;0,94378253;0,879080746;0,966383449
18/04/2022;0,926870608;0,942619523;0,911121694;0,906154441;0,948060442;0,885911942;0,969723944
19/04/2022;0,934711293;0,953317044;0,916105543;0,9151471;0,954693782;0,896001201;0,975094565
20/04/2022;0,944681965;0,965910194;0,923453736;0,92656108;0,963157276;0,908794622;0,981987014
21/04/2022;0,95598358;0,978235188;0,933731972;0,939781816;0,972464683;0,923859389;0,989225123
22/04/2022;0,953806716;0,976681335;0,930932097;0,936986019;0,970929401;0,92046731;0,988354074
23/04/2022;0,959703687;0,982334855;0,937072518;0,944058996;0,975607655;0,928673582;0,991770901
24/04/2022;0,96745936;0,989786256;0,945132464;0,953269144;0,981860821;0,939290173;0,996473527
25/04/2022;0,973453677;0,995473323;0,951434032;0,960322395;0,986764523;0,947370676;1,000254931
26/04/2022;0,97742461;0,998799953;0,956049266;0,965124812;0,989881165;0,952981773;1,002494479
27/04/2022;0,98046915;1,000938512;0,959999789;0,968958515;0,99211653;0,957584624;1,003900653
28/04/2022;0,982980949;1,002846597;0,963115302;0,972041789;0,994043221;0,96122574;1,005228603
29/04/2022;0,979467546;0,996866198;0,962068894;0,969128613;0,98991678;0,958899982;1,000476316
30/04/2022;0,970479813;0,988183096;0,952776529;0,958541748;0,982566564;0,946752371;0,994802003
01/05/2022;0,95805873;0,978058195;0,938059265;0,942996825;0,973361225;0,928175509;0,98890431
02/05/2022;0,942752904;0,966785963;0,918719844;0,923421357;0,962489195;0,904494555;0,98263023
03/05/2022;0,925548371;0,954519575;0,896577166;0,901382566;0,950362171;0,877864755;0,975823965
04/05/2022;0,907920089;0,941168219;0,874671958;0,879145233;0,937637011;0,851312445;0,968296002
05/05/2022;0,894165289;0,928868781;0,859461797;0,862377274;0,927125438;0,831761392;0,96125772
06/05/2022;0,8806666;0,909442732;0,851890468;0,847626908;0,914994637;0,815875562;0,95061102
07/05/2022;0,865459112;0,891731017;0,839187207;0,82988734;0,902556311;0,795840996;0,941178936
08/05/2022;0,849447048;0,874522254;0,824371843;0,810950923;0,889771629;0,774283254;0,931924664
09/05/2022;0,83494857;0,858669709;0,811227432;0,793890337;0,878131666;0,754956965;0,923439623
10/05/2022;0,821467811;0,842922701;0,80001292;0,778192253;0,867151801;0,737325129;0,915244225
11/05/2022;0,810414404;0,828817595;0,792011213;0,765454145;0,858017762;0,723136985;0,908264219
12/05/2022;0,807437735;0,824841342;0,790034127;0,762036514;0,85554631;0,719342649;0,90636224
13/05/2022;0,817344418;0,832644414;0,802044422;0,7739129;0,863215208;0,732920654;0,911525271
14/05/2022;0,820432599;0,835444167;0,805421031;0,777594394;0,865632584;0,737117968;0,913194348
15/05/2022;0,821159004;0,836077601;0,806240408;0,778463104;0,866198385;0,738110683;0,913581247
16/05/2022;0,818597776;0,833722383;0,803473168;0,775411166;0,864191536;0,734631708;0,912192448
17/05/2022;0,812216744;0,826976063;0,797457426;0,76789152;0,859102702;0,726127028;0,908549392
18/05/2022;0,804025935;0,816530362;0,791521508;0,758385255;0,852415826;0,715493786;0,903554929
19/05/2022;0,800977865;0,812310391;0,789645338;0,754866153;0,849908986;0,711573852;0,901659517
20/05/2022;0,806433838;0,814061227;0,79880645;0,761472331;0,854052438;0,719167915;0,904328131
21/05/2022;0,802754603;0,812251955;0,79325725;0,7570531;0,851217515;0,714113006;0,902441837
22/05/2022;0,794302277;0,805481152;0,783123402;0,747030715;0,844568149;0,702753465;0,897828331
23/05/2022;0,78260723;0,795037023;0,770177437;0,733276566;0,835260343;0,687268352;0,891235905
24/05/2022;0,769022085;0,781597582;0,756446587;0,717462969;0,824291195;0,669613847;0,883270299
25/05/2022;0,757415881;0,768390513;0,746441249;0,704115097;0,814757276;0,654854925;0,876139282
26/05/2022;0,754205954;0,764424744;0,743987163;0,70044645;0,812097613;0,6508191;0,874121426
27/05/2022;0,747432561;0,757328351;0,737536772;0,692665297;0,806536922;0,642235128;0,869978378
28/05/2022;0,741963869;0,751245658;0,73268208;0,686413275;0,80201749;0,635365709;0,866574138
29/05/2022;0,736494216;0,744923197;0,728065235;0,680181766;0,797476806;0,628539457;0,863129537
30/05/2022;0,728275818;0,736374755;0,720176882;0,670813785;0,790669122;0,618283024;0,857993697
31/05/2022;0,727658399;0,73543218;0,719884617;0,670120516;0,790145738;0,61753209;0,857582533
01/06/2022;0,734315931;0,745734328;0,722897534;0,677577025;0,795814394;0,625597676;0,862072415
02/06/2022;0,751023322;0,767104608;0,734942037;0,6964658;0,809861174;0,646188609;0,872979356
03/06/2022;0,768691974;0,789052797;0,748331151;0,716525696;0,824661237;0,668162402;0,884433485
04/06/2022;0,79001434;0,815071438;0,764957242;0,740831544;0,84246592;0,694917533;0,898186285
05/06/2022;0,815508458;0,844871677;0,786145238;0,770124879;0,863568824;0,727418087;0,914305977
06/06/2022;0,843207004;0,876773624;0,809640383;0,802089047;0,8864342;0,763080331;0,931770637
07/06/2022;0,873047577;0,910991397;0,835103757;0,836487842;0,911205965;0,801526758;0,950963004
08/06/2022;0,906199111;0,947088066;0,865310156;0,874869462;0,938651055;0,844662108;0,972225294
09/06/2022;0,944427604;0,982116179;0,906739028;0,920667207;0,968801305;0,897520117;0,993788313
10/06/2022;0,98550525;1,024512952;0,946497547;0,965789695;1,005623318;0,946476653;1,026143901
11/06/2022;1,029968805;1,070130045;0,989807564;1,008344459;1,052056946;0,98718391;1,074608883
12/06/2022;1,077094085;1,121144344;1,033043825;1,045740316;1,109388125;1,015326818;1,142622437
13/06/2022;1,122975198;1,179035588;1,066914808;1,076883683;1,171040373;1,032765827;1,221079208
14/06/2022;1,167247498;1,227146995;1,107348001;1,107979451;1,229688183;1,051884042;1,295301506
15/06/2022;1,210695532;1,270961878;1,150429187;1,138080458;1,287948528;1,070103303;1,369839444
16/06/2022;1,246230113;1,300074401;1,192385825;1,162956273;1,335474465;1,085652944;1,430689329
17/06/2022;1,284680377;1,335042203;1,23431855;1,188426425;1,388743029;1,099981175;1,500614383
18/06/2022;1,323123807;1,369678136;1,276569477;1,213230169;1,442992044;1,113311131;1,57283488
19/06/2022;1,359764111;1,401886731;1,317641491;1,236367265;1,495507524;1,125316986;1,643597504
20/06/2022;1,392311043;1,429171376;1,35545071;1,256569537;1,542759119;1,1355346;1,707913765
21/06/2022;1,419364216;1,449796511;1,38893192;1,273152145;1,582423389;1,143787179;1,762329666
22/06/2022;1,436727468;1,461393913;1,412061023;1,283694918;1,608068701;1,148971052;1,797718617
23/06/2022;1,435083049;1,460367088;1,40979901;1,282700177;1,605633105;1,14848449;1,794350347
24/06/2022;1,436215394;1,461286254;1,411144533;1,283378054;1,60731911;1,148807092;1,796689204
25/06/2022;1,442661227;1,46915549;1,416166964;1,287139513;1,617043315;1,150478173;1,810285776
26/06/2022;1,450324753;1,477630167;1,42301934;1,29162925;1,62859246;1,152505951;1,82643237
27/06/2022;1,463805077;1,487697793;1,439912362;1,299653338;1,648773232;1,156318014;1,854557803
28/06/2022;1,470812144;1,49345051;1,448173778;1,303783322;1,659327702;1,158241236;1,869329995
29/06/2022;1,470771211;1,493423861;1,44811856;1,303759045;1,659266212;1,158229715;1,869244049
30/06/2022;1,451130628;1,476175166;1,426086091;1,29218106;1,629706909;1,152858205;1,827909904
01/07/2022;1,44079884;1,465518232;1,416079448;1,28610063;1,614172672;1,150078044;1,806222128
02/07/2022;1,432405264;1,457102905;1,407707624;1,281133537;1,601601319;1,147786136;1,7887217
03/07/2022;1,424820986;1,450358612;1,399283359;1,276599637;1,59031017;1,145646124;1,77306719
04/07/2022;1,41628104;1,443848555;1,388713525;1,271431471;1,577686692;1,143137983;1,755648426
05/07/2022;1,405601136;1,436458453;1,374743819;1,264892845;1,562010722;1,139885848;1,734121604
06/07/2022;1,388736935;1,424174351;1,353299519;1,254486804;1,537395347;1,134644952;1,700462039
07/07/2022;1,36389911;1,394341866;1,333456354;1,239640937;1,500644022;1,127869504;1,649875673
08/07/2022;1,34217812;1,364046958;1,320309283;1,226712094;1,468536731;1,122138653;1,605787926
09/07/2022;1,322358182;1,344692274;1,30002409;1,214426732;1,439900991;1,116106643;1,56705516
10/07/2022;1,301301521;1,326000374;1,276602669;1,201152433;1,409815353;1,109368088;1,526693929
11/07/2022;1,278570526;1,308484803;1,24865625;1,1864548;1,37784888;1,1015017;1,484289861
12/07/2022;1,254297686;1,290706142;1,21788923;1,170338636;1,344287653;1,092410503;1,440308537
13/07/2022;1,224773839;1,266773457;1,18277422;1,150416292;1,303942541;1,080869901;1,387922398
14/07/2022;1,186245951;1,227090018;1,145401884;1,124811612;1,251038183;1,066735165;1,319188308
15/07/2022;1,150997351;1,192634494;1,109360208;1,100460184;1,203856595;1,052245093;1,259037917
16/07/2022;1,115331726;1,157942501;1,072720951;1,074871284;1,157315725;1,035934398;1,200823282
17/07/2022;1,079345004;1,122271938;1,03641807;1,047859118;1,111777186;1,017319528;1,145155664
18/07/2022;1,042949676;1,084790035;1,001109317;1,018871224;1,067597241;0,995361884;1,092813919
19/07/2022;1,007052206;1,045784594;0,968319818;0,987771622;1,026709168;0,968867417;1,046742509
20/07/2022;0,971258691;1,003204459;0,939312923;0,953597479;0,989247027;0,936263392;1,007562488
21/07/2022;0,936599198;0,9653425;0,907855896;0,914625196;0,959101205;0,893179199;0,982131217
22/07/2022;0,905731895;0,935201581;0,876262208;0,877520838;0,934850132;0,850216961;0,964875549
23/07/2022;0,875003415;0,90345413;0,8465527;0,84091049;0,910479134;0,808200358;0,947337646
24/07/2022;0,846693739;0,874016174;0,819371304;0,807320177;0,887988719;0,769868035;0,931205119
25/07/2022;0,820813268;0,846053337;0,795573199;0,776952439;0,867152122;0,735569635;0,915969001
26/07/2022;0,797941178;0,820401447;0,775480909;0,750386543;0,84851255;0,705848645;0,902100658
27/07/2022;0,779329415;0,797796377;0,760862452;0,729034079;0,833098714;0,682212707;0,890341977
28/07/2022;0,769050812;0,783419022;0,754682601;0,717391212;0,824435273;0,669456473;0,883544596
29/07/2022;0,757554802;0,769188742;0,745920862;0,704244205;0,814906757;0,654974966;0,87630007
30/07/2022;0,747173857;0,756633891;0,737713822;0,692385163;0,806304807;0,641938728;0,869778015
31/07/2022;0,738210327;0,746187277;0,730233376;0,682159275;0,79887473;0,630721577;0,864152486
01/08/2022;0,731577664;0,738643028;0,724512301;0,674607767;0,793367216;0,622457524;0,859976424
02/08/2022;0,727244864;0,734412149;0,720077579;0,669666975;0,789782476;0,617048809;0,857279812
03/08/2022;0,727593084;0,734710459;0,720475709;0,670064825;0,790069554;0,617484776;0,857494235
04/08/2022;0,73116735;0,739011759;0,72332294;0,674117273;0,79305421;0,621903981;0,859777855
05/08/2022;0,728343425;0,73651584;0,720171011;0,670888501;0,790727847;0,618363075;0,858041766
06/08/2022;0,723609398;0,732480058;0,714738738;0,665479882;0,786826236;0,612437689;0,855130397
07/08/2022;0,716354968;0,726063944;0,706645992;0,657221059;0,780820304;0,603418575;0,850617065
08/08/2022;0,708265337;0,718137296;0,698393377;0,6480716;0,774062056;0,593480847;0,845461759
09/08/2022;0,69996667;0,709099627;0,690833713;0,638753077;0,767060074;0,583419294;0,840033289
10/08/2022;0,695526541;0,703659764;0,687393317;0,633799118;0,76328009;0,57809782;0,837059765
11/08/2022;0,701574598;0,710511502;0,692637694;0,640566936;0,768405873;0,585382886;0,841060759
12/08/2022;0,690595251;0,703777861;0,677412642;0,62808982;0,759336495;0,571820201;0,834313551
13/08/2022;0,684559436;0,697751111;0,67136776;0,621349369;0,754216605;0,564586407;0,830320878
14/08/2022;0,680164724;0,692723225;0,667606223;0,616481655;0,750443952;0,559394745;0,827319337
15/08/2022;0,678692202;0,690871802;0,666512601;0,614859407;0,749169872;0,557671488;0,826292418
16/08/2022;0,680450563;0,693300588;0,667600539;0,616787276;0,750702617;0,559712755;0,827543436
17/08/2022;0,688552628;0,70438567;0,672719586;0,625674932;0,757765303;0,569132215;0,833312958
18/08/2022;0,708935046;0,728971052;0,68889904;0,648279577;0,775278142;0,593311737;0,847308866
19/08/2022;0,728162751;0,751891981;0,70443352;0,669741859;0,791689367;0,616426692;0,860321709
20/08/2022;0,748848023;0,775396465;0,722299582;0,693071004;0,809121161;0,641790104;0,873890417
21/08/2022;0,770168253;0,799032487;0,74130402;0,717339655;0,826892712;0,668406917;0,887513032
22/08/2022;0,792213613;0,82247051;0,761956716;0,742735287;0,84499167;0,696556692;0,901069459
23/08/2022;0,81521371;0,846085774;0,784341645;0,769550092;0,863589307;0,726598456;0,914676884
24/08/2022;0,841560645;0,87053915;0,812582139;0,800952446;0,884228999;0,762404403;0,928957509
25/08/2022;0,874127246;0,890080431;0,858174061;0,841826015;0,907668346;0,810764652;0,942449315
26/08/2022;0,902846672;0,929391813;0,87630153;0,874747799;0,931848376;0,847551759;0,961752912
27/08/2022;0,923598579;0,948748967;0,898448192;0,90008541;0,947726094;0,877186587;0,972467954
28/08/2022;0,937410135;0,960002424;0,914817846;0,917413194;0,957843004;0,897852179;0,9787118
29/08/2022;0,945169675;0,965894285;0,924445065;0,927291769;0,963392293;0,909758576;0,981959624
30/08/2022;0,946953429;0,967183169;0,92672369;0,929584059;0,964647377;0,912539265;0,982665901
31/08/2022;0,94470546;0,9655559;0,923855019;0,926696246;0,963064694;0,909037052;0,981773949
01/09/2022;0,943505034;0,964717345;0,922292724;0,925146429;0,962227984;0,907152167;0,981315277
02/09/2022;0,935090892;0,958843111;0,911338673;0,914300131;0,956354486;0,893982203;0,978090914
03/09/2022;0,922373001;0,948512394;0,896233608;0,89835365;0,947034674;0,874976621;0,972338669
04/09/2022;0,907542806;0,93448476;0,880600851;0,880308991;0,935619345;0,853917901;0,964538609
05/09/2022;0,890668617;0,916417887;0,864919347;0,86025315;0,922159802;0,830913401;0,954726705
06/09/2022;0,873229448;0,895636909;0,850821987;0,839853817;0,907931944;0,807805052;0,943961305
07/09/2022;0,85698517;0,873581859;0,84038848;0,821083075;0,894457845;0,786751561;0,933501101
08/09/2022;0,844939818;0,850735415;0,839144222;0,807381812;0,884245905;0,771571885;0,925300071
09/09/2022;0,847839315;0,852881999;0,842796631;0,810891011;0,886472045;0,775627134;0,926789202
10/09/2022;0,848687367;0,854049579;0,843325155;0,811900243;0,887142169;0,776780796;0,927264648
11/09/2022;0,851648146;0,858367101;0,844929191;0,815410386;0,889497149;0,780783869;0,928957395
12/09/2022;0,857752704;0,866674457;0,848830951;0,822653685;0,894349927;0,789052869;0,932445352
13/09/2022;0,866858684;0,878690212;0,855027157;0,83344493;0,901612573;0,80137131;0,937706595
14/09/2022;0,878180433;0,892320773;0,864040092;0,846938619;0,910575084;0,816849644;0,944122573
15/09/2022;0,895257292;0,910957163;0,879557421;0,867511262;0,923890964;0,840652873;0,953412278
16/09/2022;0,91401775;0,933286219;0,894749281;0,889793711;0,938901395;0,866229278;0,964444645
17/09/2022;0,934865161;0,957859082;0,91187124;0,914234944;0,95596097;0,894070319;0,97752237
18/09/2022;0,959015741;0,985541933;0,932489549;0,941831296;0,976513756;0,92496042;0,994325341
19/09/2022;0,985010134;1,014433246;0,955587022;0,969837432;1,000420221;0,954902115;1,016067694
20/09/2022;1,012396876;1,04430059;0,980493161;0,99619246;1,028864896;0,980251648;1,04559652
21/09/2022;1,039956257;1,073019324;1,006893191;1,01996245;1,06034203;1,000360609;1,08111977
22/09/2022;1,067069436;1,096221532;1,037917341;1,042733261;1,091973667;1,018965141;1,117445953
23/09/2022;1,100394838;1,134337261;1,066452414;1,06612465;1,135766913;1,032956349;1,172240876
24/09/2022;1,137724683;1,177499041;1,097950325;1,091523484;1,185882329;1,047278731;1,235996422
25/09/2022;1,177567819;1,222979594;1,132156044;1,118145179;1,240150645;1,061882725;1,305893658
26/09/2022;1,216071571;1,264186916;1,167956225;1,143777004;1,292940224;1,076056524;1,374382964
27/09/2022;1,251301697;1,298421104;1,204182291;1,167195923;1,341475851;1,089158529;1,437718383
28/09/2022;1,280919027;1,32560135;1,236236704;1,186640831;1,38269945;1,099864863;1,4919821
29/09/2022;1,298941186;1,338015368;1,259867005;1,198654832;1,407632808;1,106773746;1,524729698
30/09/2022;1,321793684;1,356518754;1,287068614;1,213359836;1,439937322;1,114635778;1,567790751
01/10/2022;1,342049613;1,372454164;1,311645061;1,226213878;1,468852428;1,121345224;1,606622324
02/10/2022;1,358356439;1,38376362;1,332949258;1,236495524;1,492256474;1,126673729;1,638195629
03/10/2022;1,36995096;1,391248053;1,348653867;1,243739318;1,509003396;1,13036847;1,660896626
04/10/2022;1,375451682;1,394495224;1,35640814;1,247158756;1,516976964;1,132098187;1,671734601
05/10/2022;1,370902358;1,391581797;1,350222919;1,244340173;1,510370683;1,130684128;1,662745149
06/10/2022;1,348555759;1,371209266;1,325902251;1,230603589;1,477839616;1,123983108;1,618455162
07/10/2022;1,332135745;1,356917046;1,307354444;1,220378795;1,454148454;1,118877604;1,586416922
08/10/2022;1,313979572;1,342371395;1,285587748;1,208887035;1,428225476;1,112947865;1,551624748
09/10/2022;1,294706545;1,328222486;1,261190605;1,196424527;1,401075749;1,106229692;1,515532136
10/10/2022;1,272391806;1,311078774;1,233704838;1,181773594;1,369968853;1,098114216;1,474504733
11/10/2022;1,24689858;1,289263444;1,204533715;1,164897223;1,33467948;1,088675408;1,428239922
12/10/2022;1,217888578;1,262804964;1,172972192;1,145457199;1,294904641;1,077610503;1,376505389
13/10/2022;1,178789143;1,217003876;1,140574411;1,120156389;1,240493039;1,064594775;1,305268075
14/10/2022;1,145505038;1,180432916;1,11057716;1,097863805;1,195214612;1,052290913;1,246992527
15/10/2022;1,11425191;1,146111233;1,082392588;1,076519434;1,153307332;1,040109905;1,193685701
16/10/2022;1,085054072;1,113654761;1,056453384;1,056224406;1,114670792;1,028181792;1,145074564
17/10/2022;1,058138102;1,085288392;1,030987812;1,036538137;1,080188229;1,015388332;1,102688516
18/10/2022;1,032604009;1,060284943;1,004923075;1,016005232;1,049473983;0,999677653;1,066615154
19/10/2022;1,008503549;1,036105904;0,980901193;0,994590958;1,022610762;0,980872989;1,036912598
20/10/2022;0,984455045;1,007049694;0,961860396;0,972432977;0,996625746;0,960559542;1,00894508
21/10/2022;0,962459904;0,983758165;0,941161642;0,947785124;0,977361911;0,93333757;0,992491144
22/10/2022;0,941787758;0,961838497;0,921737019;0,923387176;0,96055505;0,905353303;0,979689052
23/10/2022;0,921965163;0,940743448;0,903186878;0,899573407;0,94491437;0,877739103;0,968421029
24/10/2022;0,904138781;0,92094023;0,887337331;0,878178235;0,930866935;0,852985297;0,958362699
25/10/2022;0,8887793;0,903784372;0,873774227;0,859714535;0,918826951;0,831632657;0,949857489
26/10/2022;0,875212523;0,888014;0,862411045;0,843474698;0,908144985;0,81293151;0,942272084
27/10/2022;0,866126036;0,876179052;0,85607302;0,8326958;0,900898936;0,80060823;0,937014501
28/10/2022;0,852199675;0,863245057;0,841154293;0,815826442;0,890195398;0,781075699;0,929813611
29/10/2022;0,833537361;0,849636612;0,817438109;0,793073807;0,876066758;0,754676096;0,920661999
30/10/2022;0,822876875;0,838437179;0,807316571;0,780447699;0,867614428;0,740326899;0,914660357
31/10/2022;0,815645938;0,829963002;0,801328873;0,771979534;0,861784275;0,730785064;0,910394547
01/11/2022;0,811721214;0,824636218;0,79880621;0,767438114;0,85856169;0,72571239;0,907959542
02/11/2022;0,812028378;0,825077883;0,798978873;0,767792078;0,858815469;0,726106569;0,908153351
03/11/2022;0,820123466;0,835976178;0,804270753;0,777158371;0,865465697;0,736570414;0,913185065
04/11/2022;0,826602021;0,843981606;0,809222435;0,784705071;0,870737527;0,745046679;0,91711159
05/11/2022;0,834222122;0,852794354;0,815649891;0,793644177;0,87687612;0,755142285;0,921606171
06/11/2022;0,843806195;0,863739432;0,823872958;0,804916545;0,884575901;0,767906952;0,927225664
07/11/2022;0,85664873;0,877859282;0,835438178;0,820115721;0,894809953;0,785210925;0,934599389
08/11/2022;0,873323478;0,895753451;0,850893505;0,839963412;0,908008998;0,807928801;0,944019972
09/11/2022;0,894906132;0,918360952;0,871451312;0,865813732;0,924976349;0,837699148;0,956024381
10/11/2022;0,92254548;0,941928038;0,903162923;0,90015649;0,945491424;0,878324452;0,968994319
11/11/2022;0,951672818;0,975061016;0,92828462;0,934277801;0,969391736;0,917206685;0,987434553
12/11/2022;0,98059356;1,016602983;0,944584137;0,961981929;0,999565308;0,943730413;1,018897172
13/11/2022;1,007124937;1,046149935;0,968099938;0,987699548;1,026932408;0,968656241;1,047121961
14/11/2022;1,032498239;1,072573609;0,99242287;1,010612791;1,054857686;0,989201342;1,077691131
15/11/2022;1,056860244;1,095674922;1,018045566;1,031568001;1,082772702;1,006895972;1,109305375
16/11/2022;1,078900908;1,114137706;1,043664109;1,049899158;1,108703937;1,021698687;1,139308244
17/11/2022;1,098494144;1,126021253;1,070967035;1,066168008;1,131800631;1,034822224;1,166087469
18/11/2022;1,114180619;1,135536375;1,092824862;1,078272291;1,151285088;1,043560103;1,189585698
19/11/2022;1,123999676;1,141350666;1,106648686;1,085541653;1,163820598;1,048446529;1,20500442
20/11/2022;1,129377138;1,145019548;1,113734728;1,089387491;1,170835235;1,050866294;1,213761782
21/11/2022;1,129812547;1,145391624;1,11423347;1,08969009;1,171412817;1,051045445;1,214490899
22/11/2022;1,125210626;1,140812465;1,109608786;1,08654759;1,165249858;1,049260752;1,206665288
23/11/2022;1,116002646;1,131212506;1,100792786;1,080277264;1,152909811;1,045733663;1,190998757
24/11/2022;1,10179605;1,113269028;1,090323071;1,070854823;1,133631477;1,040807797;1,166361106
25/11/2022;1,091800666;1,102194597;1,081406735;1,064041443;1,120284208;1,037006539;1,149492069
26/11/2022;1,089187592;1,101110942;1,077264242;1,062077278;1,11699003;1,035659088;1,145484592
27/11/2022;1,080520976;1,094216363;1,066825588;1,055804447;1,105816201;1,031666616;1,131690122
28/11/2022;1,07036096;1,085758977;1,054962942;1,048352386;1,09283162;1,026805901;1,115764369
29/11/2022;1,059858345;1,076051854;1,043664836;1,040647203;1,07942417;1,021790743;1,099344677
30/11/2022;1,04832838;1,064361655;1,032295104;1,032229834;1,064678012;1,016382375;1,08127873
01/12/2022;1,034797148;1,047642095;1,021952201;1,022934436;1,046797433;1,011209298;1,058935292
02/12/2022;1,023957783;1,034361068;1,013554499;1,015378878;1,032609173;1,006872456;1,041333048
03/12/2022;1,014689804;1,022003042;1,007376567;1,009150097;1,020259922;1,0036408;1,025860449
04/12/2022;1,005750336;1,012163247;0,999337425;1,002161665;1,009351857;0,998585845;1,012966229
05/12/2022;0,989539319;1,0049475;0,974131139;0,981334378;0,997812863;0,97319804;1,00615501
06/12/2022;0,977445635;0,994708305;0,960182965;0,966853698;0,98815361;0,956377801;0,998977624
07/12/2022;0,967196259;0,984183584;0,950208934;0,954899988;0,979650876;0,942762063;0,992263839
08/12/2022;0,958834111;0,974375063;0,94329316;0,9452835;0,97257898;0,931927147;0,986518106
09/12/2022;0,95019578;0,96486911;0,935522449;0,934972745;0,965666689;0,919997585;0,981385473
10/12/2022;0,940365127;0,954417318;0,926312936;0,923042367;0,958013012;0,906044733;0,975986023
11/12/2022;0,928797021;0,943026084;0,914567957;0,908789016;0,949245578;0,889221563;0,970134687
12/12/2022;0,915799105;0,930059386;0,901538825;0,892825236;0,939364228;0,870442621;0,963520604
13/12/2022;0,901870195;0,916815194;0,886925196;0,875679724;0,928844165;0,850272752;0,956601635
14/12/2022;0,888930161;0,903800036;0,874060287;0,859914603;0,918925053;0,831878376;0,949899277
15/12/2022;0,880281685;0,894092373;0,866470998;0,849523651;0,912153717;0,819879613;0,945139746
16/12/2022;0,867063616;0,883123377;0,851003854;0,833279418;0,902218112;0,800865519;0,938742907
17/12/2022;0,854006168;0,873135996;0,834876339;0,817215991;0,892453438;0,782082908;0,932557802
18/12/2022;0,841219014;0,86241813;0,820019898;0,801676074;0,88271361;0,764084791;0,926159863
19/12/2022;0,831874645;0,848600652;0,815148638;0,791035348;0,874823787;0,752305894;0,919882772
20/12/2022;0,823071506;0,836353324;0,809789688;0,780857689;0,867569107;0,740927656;0,914350491
21/12/2022;0,818609501;0,83012825;0,807090751;0,775681761;0,863914767;0,735131547;0,91159756
22/12/2022;0,81908213;0,830714901;0,807449359;0,77623511;0,864296045;0,735754986;0,911876857
23/12/2022;0,804140245;0,822733448;0,785547041;0,758048364;0,853037261;0,714761619;0,904739414
24/12/2022;0,79884327;0,817697168;0,779989371;0,751802486;0,848830313;0,707707961;0,901763617
25/12/2022;0,799482709;0,818429939;0,780535478;0,752544265;0,849351696;0,708536367;0,902151228
26/12/2022;0,806919775;0,827934584;0,785904966;0,761079201;0,855523882;0,718002159;0,906891523
27/12/2022;0,820374281;0,846176057;0,794572506;0,776359407;0,866886541;0,734841917;0,915896186
28/12/2022;0,838773114;0,869711278;0,807834949;0,797318371;0,882384659;0,758020431;0,928153007
29/12/2022;0,861562435;0,894398117;0,828726753;0,823998455;0,900839751;0,788147812;0,941830403
30/12/2022;0,879890954;0,914847274;0,844934634;0,845329008;0,915866584;0,812180746;0,953255897
31/12/2022;0,89531705;0,932111108;0,858522992;0,863192907;0,928637123;0,832264694;0,963153126
01/01/2023;0,908182792;0,946445016;0,869920568;0,878010641;0,939392092;0,848875638;0,971638541
02/01/2023;0,930025552;0,964829189;0,895221916;0,904883137;0,955866691;0,880439445;0,982406553
03/01/2023;0,938164188;0,969763062;0,906565314;0,915546631;0,961340572;0,8934879;0,985075783
04/01/2023;0,946140449;0,973958809;0,91832209;0,926240389;0,966468107;0,906767927;0,987223362
05/01/2023;0,956389575;0,978792292;0,933986858;0,940213385;0,972844094;0,924315524;0,989576942
06/01/2023;0,955003729;0,976756933;0,933250525;0,938780173;0,971507674;0,922837006;0,988292007
07/01/2023;0,942391764;0,963614908;0,921168621;0,923800086;0,961357642;0,905582608;0,980697719
08/01/2023;0,921412425;0,944813467;0,898011383;0,897880735;0,94556094;0,87496587;0,970326281
09/01/2023;0,89322337;0,922515562;0,863931177;0,862565455;0,924971294;0,83299755;0,957809229
10/01/2023;0,860021214;0,897525155;0,822517272;0,821168655;0,900713062;0,784155386;0,943244201
11/01/2023;0,826388268;0,868963467;0,783813068;0,780497595;0,874979495;0,737307479;0,926271278
12/01/2023;0,79948954;0,840620416;0,758358664;0,749433184;0,852893012;0,702723943;0,909643601
13/01/2023;0,766498706;0,807585041;0,725412372;0,711346016;0,825933988;0,660475918;0,889651861
14/01/2023;0,733246272;0,773464479;0,693028065;0,673552844;0,798240441;0,619160159;0,868535351
15/01/2023;0,701281942;0,739935831;0,662628054;0,637783284;0,771118367;0,580622392;0,847292558
16/01/2023;0,671885166;0,708331841;0,635438491;0,605387257;0,74570961;0,546215884;0,82686059
17/01/2023;0,650213061;0,677871268;0,622554855;0,582445907;0,72589174;0,522590278;0,809481944
18/01/2023;0,629884071;0,64822577;0,611542372;0,560946385;0,70732611;0,50051305;0,7932725
19/01/2023;0,623156935;0,637335414;0,608978455;0,553862451;0,70115514;0,493271688;0,787857065
20/01/2023;0,624889343;0,638800038;0,610978648;0,55574839;0,702665703;0,495242845;0,789077471
21/01/2023;0,625454114;0,639295904;0,611612324;0,556362772;0,70315883;0,495884806;0,789476921
22/01/2023;0,627677341;0,641243714;0,614110969;0,558783082;0,705098336;0,498415558;0,791046065
23/01/2023;0,630770191;0,644295423;0,617244959;0,562140509;0,707810076;0,501921031;0,793260164
24/01/2023;0,635931226;0,650763967;0,621098486;0,567695089;0,71239909;0,507690678;0,79709868
25/01/2023;0,64471041;0,662252293;0,627168526;0,577136373;0,720223658;0,517501549;0,803676119
26/01/2023;0,667425117;0,687283595;0,64756664;0,601963912;0,740026142;0,543642526;0,819766987
27/01/2023;0,683899109;0,705126868;0,662671351;0,620146003;0,754223659;0,562964341;0,831119652
28/01/2023;0,699406428;0,722191568;0,676621289;0,637359008;0,767508595;0,581366335;0,841665508
29/01/2023;0,714501888;0,739826859;0,689176916;0,654127079;0,780461107;0,59933668;0,852004736
30/01/2023;0,726790701;0,754660888;0,698920514;0,667785178;0,79102017;0,614003601;0,860473587
31/01/2023;0,752798514;0,779866065;0,725730964;0,697545499;0,812435042;0,646675996;0,876455083
01/02/2023;0,778822722;0,806307352;0,751338091;0,727526556;0,833740164;0,679851667;0,892278883
02/02/2023;0,812125476;0,831639601;0,792611351;0,767364451;0,859499674;0,725216599;0,909487047
03/02/2023;0,833777456;0,851217148;0,816337763;0,793231222;0,876397577;0,754758875;0,921091586
04/02/2023;0,850707742;0,866319895;0,835095589;0,813647004;0,889457432;0,77827522;0,929896075
05/02/2023;0,862919832;0,877691845;0,848147819;0,828417842;0,898859387;0,795353417;0,936236506
06/02/2023;0,871624249;0,886309416;0,856939082;0,838939163;0,90558323;0,807527972;0,940816107
07/02/2023;0,877114537;0,890374608;0,863854466;0,845736785;0,909656839;0,815523583;0,94336369
08/02/2023;0,883259431;0,895066489;0,871452372;0,853343528;0,914224426;0,824476718;0,946238513
09/02/2023;0,893451216;0,901046098;0,885856334;0,866122836;0,921642091;0,83965695;0,950695461
10/02/2023;0,899129194;0,905878395;0,892379993;0,873138167;0,925894077;0,847920997;0,953432816
11/02/2023;0,903439415;0,910648015;0,896230815;0,878403036;0,92918953;0,854080392;0,955653381
12/02/2023;0,906332549;0,913652595;0,899012503;0,88195367;0,931385436;0,858248798;0,957112331
13/02/2023;0,90801059;0,915931037;0,900090144;0,883973603;0,932701312;0,86059035;0,958045767
14/02/2023;0,910003033;0,918648296;0,90135777;0,886365944;0,934270574;0,863359307;0,959168568
15/02/2023;0,914871414;0,924341657;0,905401171;0,892285116;0,938029527;0,870270634;0,961759456
16/02/2023;0,922002818;0,932000566;0,912005071;0,901024451;0,943469686;0,880534586;0,965425055
17/02/2023;0,930007472;0,939673965;0,920340979;0,910957356;0,949456011;0,892305664;0,969302973
18/02/2023;0,93869568;0,947834101;0,92955726;0,921790188;0,955911243;0,905194766;0,973436876
19/02/2023;0,94890558;0,957734296;0,940076864;0,934513799;0,963519012;0,920343669;0,978354094
20/02/2023;0,960762102;0,969147515;0,952376689;0,949328843;0,972333062;0,938033286;0,984041724
21/02/2023;0,968151515;0,978188062;0,958114967;0,958121401;0,978286631;0,948196292;0,988526751
22/02/2023;0,97522813;0,986137408;0,964318853;0,966518621;0,984016124;0,957887596;0,992882604
23/02/2023;0,982678037;0,99315726;0,972198814;0,975590403;0,989817163;0,968554262;0,99700778
24/02/2023;0,986803129;0,995890423;0,977715835;0,980975236;0,992665646;0,975181966;0,998562786
25/02/2023;0,990362144;0,99767056;0,983053728;0,985833259;0,994911835;0,981325179;0,999482332
26/02/2023;0,988216346;0,996831269;0,979601423;0,982812832;0,993649568;0,977439028;0,999112499
27/02/2023;0,983649553;0,994708981;0,972590126;0,976517933;0,990833258;0,969438396;0,998069045
28/02/2023;0,975850054;0,98968485;0,962015258;0,966286875;0,985507881;0,956818343;0,995260355
01/03/2023;0,966016446;0,981575055;0,950457838;0,953956142;0,978229228;0,942048316;0,990594486
02/03/2023;0,957161607;0,972524559;0,941798655;0,943300781;0,971226114;0,929643637;0,985494302
03/03/2023;0,945528479;0,959916299;0,931140658;0,929315599;0,96202423;0,913385592;0,978802854
04/03/2023;0,933931115;0,945816189;0,92204604;0,915497549;0,952735879;0,89743518;0,971911841
05/03/2023;0,923454033;0,9324829;0,914425165;0,902924405;0,944450499;0,882861616;0,965913804
06/03/2023;0,915429971;0,92220823;0,908651712;0,893209304;0,938203514;0,871541514;0,961529934
07/03/2023;0,910215388;0,914683517;0,905747259;0,886908084;0,934135298;0,864213385;0,958667812
08/03/2023;0,908536207;0,911905231;0,905167182;0,884880037;0,932824908;0,861856399;0,95774614
09/03/2023;0,911037645;0,915831405;0,906243886;0,887907393;0,93477055;0,865379793;0,959106106
10/03/2023;0,913840694;0,91985669;0,907824697;0,891298829;0,936952756;0,869327163;0,960635017
11/03/2023;0,917995234;0,923895641;0,912094828;0,896441543;0,940067229;0,875406154;0,962657528
12/03/2023;0,923114594;0,929880233;0,916348955;0,902715445;0,943974773;0,882777325;0,965295981
13/03/2023;0,928674689;0,936156536;0,921192842;0,909544029;0,948207774;0,890815793;0,968143283
14/03/2023;0,933885688;0,94196274;0,925808637;0,915948521;0,952174156;0,898362654;0,970813924
15/03/2023;0,93949756;0,948103685;0,930891436;0,922854051;0,956441257;0,90651073;0,97368514
16/03/2023;0,947100632;0,954311893;0,939889372;0,93248556;0,961944784;0,918099568;0,977018015
17/03/2023;0,951941927;0,957714819;0,946169035;0,938693905;0,965376932;0,925632864;0,978998918
18/03/2023;0,956944292;0,961001127;0,952887457;0,945126989;0,968909358;0,933457448;0,981022185
19/03/2023;0,960286819;0,96311316;0,957460478;0,949420903;0,971277097;0,938679349;0,982391737
20/03/2023;0,961873033;0,964424419;0,959321648;0,951435718;0,972424849;0,941112905;0,983091167
21/03/2023;0,96359636;0,966476028;0,960716691;0,953585747;0,973712065;0,943680228;0,983932863
22/03/2023;0,964222245;0,967036349;0,961408141;0,954379164;0,974166846;0,944637604;0,984212967
23/03/2023;0,96597941;0,968231665;0,963727156;0,956631977;0,975418182;0,947375881;0,98494829
24/03/2023;0,966244996;0,96833258;0,964157412;0,956976691;0,975603067;0,947798151;0,985050903
25/03/2023;0,964281854;0,966361719;0,96220199;0,95449941;0,974164559;0,944817226;0,984147525
26/03/2023;0,963411506;0,965596961;0,961226051;0,953395925;0,973532305;0,943485562;0,983758323
